date,open,high,low,close,volume
2015-01-01,100.19420691539615,100.80206278909903,99.7440020627222,100.35115272832213,851909.1543638876
2015-01-02,100.7155382974395,100.89756190268717,97.8035996036855,97.98068048920481,1317163.7255646603
2015-01-05,98.15332148526583,98.16611609121138,96.456300519887,96.46887555280519,1501377.1381524845
2015-01-06,96.01519231902081,98.21161459326974,95.92603819707594,98.12050559988796,1469188.1855154831
2015-01-07,97.68551704030256,98.08084241569206,96.59250393340373,96.98499435020548,1352511.9340993282
2015-01-08,97.65383235255483,98.63101765364621,96.68171071178766,97.65884610214475,273612.4914244001
2015-01-09,97.7520197259756,98.07265012358519,97.28595865610694,97.60611046571125,685543.1535796924
2015-01-12,97.08326164109764,97.96508160857002,95.47777329877678,96.35295983943489,902539.7165704429
2015-01-13,96.47974253622488,97.23313823837587,95.20468792822828,95.95397801483401,1111481.6979175422
2015-01-14,95.82264594245858,96.03788814452619,95.1428321262772,95.35702843217645,536041.7489406054
2015-01-15,94.69263311935727,95.25272968395574,94.23627676034792,94.79587576314604,1808332.2688487761
2015-01-16,93.97531340533193,95.84524464944822,93.85529746822277,95.7229967447494,1155980.220699469
2015-01-19,95.14315366535443,97.11455692415915,94.57289054566445,96.53594577371555,798670.9781385195
2015-01-20,96.63511514782556,96.75070394948386,95.74436706654147,95.85902756140406,1093228.3263573402
2015-01-21,95.84161036855679,95.92499773188977,94.70983895816694,94.79231337659868,891555.8559217356
2015-01-22,94.70304430592057,95.17413541376716,94.68176372228054,95.15275377656465,755740.4713658497
2015-01-23,95.25513645387991,95.73460256126502,94.57709765429456,95.0555591908292,1253973.2649179548
2015-01-26,95.59548889461853,101.15404175752317,92.72779989593064,98.20798274412032,854243.6863407993
2015-01-27,96.25690165159925,107.31844573770856,95.78978658479325,106.80016636252263,582368.9227642328
2015-01-28,106.4962546133453,111.41324697504136,104.83280832018976,109.699762644595,794573.0749474294
2015-01-29,109.35648759733705,110.57047265377456,108.46651411144622,109.67788355823896,978533.5213408326
2015-01-30,109.16667067661653,109.50382208812198,109.12941992257237,109.4664690344032,665177.4961529486
2015-02-02,109.24006759028512,109.54718647881927,108.0125771491208,108.31710119842907,1696858.4615270218
2015-02-03,108.26679734184367,108.6243584597144,106.75858613676809,107.11233453437634,662754.181966372
2015-02-04,107.00450103634087,107.70670856910024,105.09769528229863,105.79194552724177,2069675.7317484296
2015-02-05,105.21028811847597,106.87307819265908,103.62982658217044,105.29139822603184,1465734.7589385274
2015-02-06,105.09912207469365,105.18607567407793,104.6645663452904,104.75123211844655,703332.6669493116
2015-02-09,105.54934560058241,107.02798033225257,104.2864721584376,105.76255587857719,1079886.5971637906
2015-02-10,105.34100297164277,105.8775665274541,104.7211516837752,105.25728883435109,1644955.445211039
2015-02-11,104.58610393429822,105.93862832357937,103.6720492715946,105.02077475380902,949924.8951339521
2015-02-12,105.13002947757396,105.15837064708602,103.41787838667203,103.44576550884025,636356.285980268
2015-02-13,103.67904010483693,106.63100771038555,102.70309846716012,105.63663898985929,1072560.8185465538
2015-02-16,105.82191739861752,107.13194917362384,105.03268441279029,106.33886076008649,2273799.8189686597
2015-02-17,105.88882040052187,109.23592046842214,105.45342589555943,108.78860261558172,565252.7768183218
2015-02-18,109.19900155119105,110.53556394876696,108.579970301563,109.91248806100589,1280920.1806553626
2015-02-19,109.58623738721016,112.57925498010023,109.04054293961146,112.0214342524153,1030264.2071390653
2015-02-20,111.54092617302149,111.9281392778225,111.31098490754583,111.697874463943,979136.3425015083
2015-02-23,111.44098846821826,112.8823967024868,111.2987670080412,112.73851932794616,878352.5381621374
2015-02-24,112.69220078649201,118.00502825157939,111.40793077347132,116.67536504911244,903591.4262553737
2015-02-25,116.99027324815377,117.2916502346248,114.62191552117432,114.91795403546313,1555268.5356725652
2015-02-26,115.188914789675,117.80735467942417,114.05747069955267,116.66144663281368,1303935.7086083922
2015-02-27,116.65152583073795,120.80942391699345,115.08875266887787,119.21234363985138,689275.7952706412
2015-03-02,119.63269251097176,120.00127792963012,119.50673858426725,119.8750688197713,1916457.802040957
2015-03-03,119.91199053716176,122.41708204685311,118.5729530876015,121.06516726271967,611549.0454211365
2015-03-04,121.47515455337951,123.5147223353417,121.02834963771299,123.06208045411746,1339594.2175684648
2015-03-05,122.40909763652861,123.07927262657765,121.38802053306654,122.05626380057973,1106178.2517541067
2015-03-06,121.33005119201154,124.50495617097589,119.57439190178525,122.72905316709036,1660184.2280822115
2015-03-09,123.08888833201101,123.78529525158265,120.70572619824458,121.39253556746645,1185418.352954114
2015-03-10,120.75473702579187,121.08399505364793,120.0403816429835,120.36858676744504,1568662.6811510797
2015-03-11,120.23141045804404,121.9590545082175,117.72674067933931,119.44305661803227,1018341.6507844387
2015-03-12,119.39876790308632,119.60404684178329,119.04651283287946,119.2515386444589,1517656.9076717233
2015-03-13,119.03160531857316,119.60308278117458,118.93413882081495,119.5052284671769,1180511.2465910465
2015-03-16,119.30039302798383,121.64530491255788,117.89908649113836,120.2330434318571,2429935.4077910995
2015-03-17,120.86590611698749,121.96366729343926,117.01080526214707,118.08329343757902,778860.0412685554
2015-03-18,116.95429965815943,121.48761013638884,116.64408099988563,121.1662194552648,1658887.6865882634
2015-03-19,121.57100287669851,123.18561694347194,121.4031406570656,123.01575983932842,1239097.4910558008
2015-03-20,124.08291368908823,125.97490778415906,122.31287737141533,124.20315621312734,1104353.297145058
2015-03-23,124.21422783897499,124.89371581253707,122.98390830718371,123.66036649803299,820520.1264872801
2015-03-24,123.65149782563208,124.37662717734139,122.82308734677025,123.54760745428153,1230942.1611834809
2015-03-25,124.39558373183819,127.09512318140204,123.09561368311542,125.78067848940447,570896.833395369
2015-03-26,127.95430081748442,128.0256363360028,127.42070979781477,127.49178746153767,595459.9649120559
2015-03-27,126.06056371536067,126.72596523248433,120.15580394717253,120.79340314028389,1368715.3732238533
2015-03-30,120.89349090150829,125.51156691655504,119.1690813174412,123.74646289793219,552782.1600695805
2015-03-31,123.52872100180278,136.09327135456616,123.43645955999713,135.99170153051995,1829500.4976255563
2015-04-01,136.71050691600374,140.29693231880663,124.78783408267977,128.14967705675127,922748.3979450505
2015-04-02,128.34243632756653,132.9875877448767,127.73755638698545,132.36375526428546,1138074.9572159338
2015-04-03,133.1887965598092,135.38219313028932,131.7979935558507,133.9830957819659,1061491.6033925768
2015-04-06,133.44929984496255,134.633517794685,132.34938540197155,133.532914186431,1218711.4169382758
2015-04-07,133.59474351074348,145.32100194624692,128.13677334684803,139.6169946539774,921366.7526943156
2015-04-08,138.73264104759116,140.6187131912801,132.58554416527966,134.4128892241213,889424.6573429451
2015-04-09,133.5691855329445,137.1780031694606,131.5692614031559,135.15434454031322,979697.869685205
2015-04-10,134.97358563534274,142.2016305413717,134.52969239735734,141.73549911762206,1567820.337255706
2015-04-13,141.54530886153205,143.49478304272426,138.92951390951234,140.86968283355205,1621507.2304208553
2015-04-14,139.308997479211,139.95442828840663,138.36691409392392,139.0109640882679,1715401.121877333
2015-04-15,141.0732830982768,145.68104505192778,135.00331497936025,139.5617055029226,1192772.2720297934
2015-04-16,139.3835654984321,140.1299045350492,136.8642466119429,137.60104099661575,951196.1183667511
2015-04-17,135.80194271583193,145.76913328643178,134.79692068100076,144.69827266747055,526424.2474141471
2015-04-20,146.20436804545577,147.68512268515713,139.12304124264767,140.5464930482065,1333041.5387963532
2015-04-21,139.55274388348727,146.49690754767238,137.72993826369967,144.60807042344805,1442754.2347759006
2015-04-22,145.30259510101595,147.2664562839404,137.02051404931967,138.89781030728426,877287.5486394338
2015-04-23,138.87547619013492,146.03086203659117,134.90560122179744,141.97245720155627,1423618.4806839717
2015-04-24,142.3086622845881,143.387145785211,140.4523749325556,141.52491884839793,1726341.131191289
2015-04-27,141.75362274473522,143.28664026516228,128.7935319894691,130.20161848818088,1070620.959402111
2015-04-28,129.49399552319503,133.5123665589627,126.20716348832467,130.20742614303217,1573345.9849613698
2015-04-29,130.25780418348234,134.39363369803874,121.8213119474775,125.81611284380772,1166025.663281892
2015-04-30,128.23315538842212,129.3616356920439,122.95680020527243,124.04845420726282,515093.89006010874
2015-05-01,121.42564962793699,130.43700764415465,121.4055074996227,130.41537429723576,853455.3930360501
2015-05-04,130.4966538634559,130.7976353504559,125.52144751012122,125.81162329885825,875095.318297623
2015-05-05,126.32873279574711,127.59461882922861,120.37628005333656,121.59472866239183,1274285.5964153197
2015-05-06,120.3857084775627,128.1269813822555,119.72821776676065,127.43101249984979,730001.2920074931
2015-05-07,125.7809628698861,129.4682844011119,124.27925560370457,127.94079080581442,865127.9745808935
2015-05-08,130.5507621961024,138.0497555943053,127.126112610363,134.52095854102737,701685.653299794
2015-05-11,134.04873881447756,136.54620435560872,133.48067384232928,135.96999757018264,1015350.6956111946
2015-05-12,138.64108163890603,142.35990307189437,128.62649459954986,132.17178775011615,1060329.3296868866
2015-05-13,132.8409057643134,135.3984040240036,129.3799525697324,131.91971576654743,1522801.990094641
2015-05-14,132.0146274368084,138.50189894455306,130.86959681744756,137.31093076810853,1418411.6209217906
2015-05-15,137.92848648615944,142.99878791461452,136.55947436771172,141.5933996230837,1101359.7300270805
2015-05-18,142.44299364412115,142.7355843106898,141.34025946947108,141.63118260345396,1135663.3862571318
2015-05-19,143.2099020739171,148.3345447792063,136.81145824091215,141.888827430643,1077098.188864894
2015-05-20,142.47313593154644,142.52718660313346,141.35271237273125,141.40635833612475,1078764.78773585
2015-05-21,141.59958192179317,142.63196848987948,137.803390646224,138.81547863148919,1914497.9680840366
2015-05-22,139.04671196715438,152.24586772160333,134.87459806431085,147.81078666634912,381482.8874061233
2015-05-25,149.69897784672884,151.18569986900962,146.4117546293364,147.8804157647963,961315.4820492853
2015-05-26,149.0219970125391,150.75498223417281,140.93751606005895,142.59577032856188,1168711.3202276381
2015-05-27,141.2456431011434,141.42618230687475,140.26398162261648,140.44349552885961,1620537.5522744071
2015-05-28,139.59997397628047,144.49327400642258,138.9469369419303,143.8204937326818,665712.5597046381
2015-05-29,144.2699734228305,148.72732215303375,142.44996861846602,146.87446103180187,1184788.3779590859
2015-06-01,146.00995013147664,150.12928764317468,142.14568864872027,146.25844944209433,1455860.0486577912
2015-06-02,145.73813969622043,148.30199831603065,140.64204627151906,143.1605595123751,863015.3485489752
2015-06-03,141.8674487275914,144.438352336173,140.7460270895745,143.30556281727453,480614.73777794937
2015-06-04,142.95126952935203,143.3727070538219,135.3776405596494,135.77793021763534,893066.9002988046
2015-06-05,136.321436365801,139.11834753509726,127.53251506511253,130.20391281252347,637957.3687604712
2015-06-08,131.4282714265835,134.7421214995182,130.35259413529855,133.64827454869862,1338061.6426718899
2015-06-09,133.65993192090463,134.88491563412344,130.4150014368869,131.62130124582453,733812.9286626019
2015-06-10,134.20180134465502,134.92847176838237,132.53928542153238,133.2608608793219,2102379.629130807
2015-06-11,133.16464138825003,142.71561972002328,129.26628939242198,138.65649546456237,1091383.8626323268
2015-06-12,142.8404569497173,142.90928519867208,141.5698181775537,141.63806705009708,747286.0348492716
2015-06-15,142.9786320643102,143.49664199797027,141.25276138136192,141.76637933738456,842831.4751664795
2015-06-16,142.4317720029824,154.33802907437294,140.16179076793912,151.91688059474052,666298.5180102199
2015-06-17,151.2005279825353,159.49660903295936,147.08916270119713,155.2744673341574,1205225.6026912662
2015-06-18,151.13035331022363,155.18940214442338,149.50559365746236,153.5387504951951,1872598.0694786918
2015-06-19,153.31368480337468,158.18333126880907,152.41326295315127,157.25973399936146,946154.5932548485
2015-06-22,157.52456011366857,160.66094822217886,156.2670629912742,159.38857095495288,1493010.0297465245
2015-06-23,162.2839401057127,164.11898854316644,153.31492632881836,155.06838385085425,707447.5602558559
2015-06-24,153.0466940939445,161.44420084107452,147.16788095225104,155.4722187089207,1166581.9417081415
2015-06-25,158.2721075370319,161.22788426103546,151.79191805320988,154.68062277553324,2591949.0060612895
2015-06-26,154.31340533371807,158.8788078901043,140.87823563458036,145.17322351539806,587782.7665167496
2015-06-29,146.16645434761523,149.13904778424956,141.46271522920355,144.39937142482228,1688380.343970519
2015-06-30,140.93388862997043,144.50534673383143,139.56545463668266,143.11572761140897,1649241.7935660447
2015-07-01,143.30374069229265,144.58175117720458,139.87367288386739,141.13231820290713,486189.05278959195
2015-07-02,140.67392570954368,143.22948805827892,131.41205235342656,133.84352985571306,581049.2444874939
2015-07-03,134.70660002363178,136.5077098795818,130.57703047850427,132.34658549281406,697931.9103402473
2015-07-06,132.4606679775767,133.4265259182798,131.24406835681023,132.2080845454116,1519388.8665384233
2015-07-07,130.7811428690791,133.03454621550662,130.42848554450273,132.67677722631157,868700.1225509356
2015-07-08,133.8639945137341,138.2631791284769,123.71375078898042,127.91751573118847,964451.9698173585
2015-07-09,128.7571182886487,132.9016542082131,126.48332251734267,130.59539525011758,1368504.2151663452
2015-07-10,131.3318134663751,132.04432910366316,124.90344837180443,125.58478460309055,1080996.4284031019
2015-07-13,126.06368229050977,126.46219173329477,124.85521308383727,125.25115398191835,1128601.5140146662
2015-07-14,125.7723573238066,128.3694356215872,124.83185893132038,127.41664162792344,906779.4460993569
2015-07-15,127.40613735418967,127.60164997441862,126.11540684378163,126.30923620115513,1616506.7170949068
2015-07-16,125.66108504011807,125.83318930977306,125.33451990369436,125.50641233503094,755335.4375059084
2015-07-17,124.84942826676325,127.82971796293563,124.3235616574862,127.29355666882682,2014851.5821505138
2015-07-20,127.94295494928357,128.24700221885462,126.39119317291542,126.69226827517564,900567.2109055393
2015-07-21,127.03246728473935,127.26847888796578,126.0014828770193,126.23601476375761,749242.3965309706
2015-07-22,126.28469574964207,126.6327256226158,126.28025812341572,126.62827592303105,1335091.6054422965
2015-07-23,126.42024896691201,128.8395063110592,125.97868246775202,128.39105608554203,1234523.1229037154
2015-07-24,128.40636987983027,128.94534014484154,124.28545912223441,124.80933125103302,466780.2297058724
2015-07-27,124.82102754600828,125.51739355249741,122.81842355102292,123.50746128188742,1125965.3184068364
2015-07-28,123.35025749368353,123.38446258446521,121.9027556391011,121.93656871324612,600542.912606912
2015-07-29,121.61440426540412,123.01814958541124,118.87696638148854,120.26513766911502,739481.4420956913
2015-07-30,121.24894844201546,122.4629670198364,117.77956385774841,118.9707719400352,1411410.2042526184
2015-07-31,119.0735478592481,119.28550017530215,117.50487921380528,117.71441225248948,729665.2334317279
2015-08-03,117.44487847945614,119.44191239996557,116.21294155839885,118.20203331060326,1187425.2237560926
2015-08-04,117.62032205068908,117.96924586726307,116.53256223063386,116.87928774922524,884845.6762171942
2015-08-05,116.55870372878779,118.31043913741745,115.34605321973581,117.09223785940195,2231371.6259360486
2015-08-06,117.41076509183391,118.72958463841155,116.41266208946996,117.72877822243643,990882.4542771749
2015-08-07,118.57242883532251,119.50275315759363,114.11231004526286,115.01472043604157,643452.4281949513
2015-08-10,114.77741665161861,117.79311201652393,112.52725479611841,115.5282307733038,661704.1867691842
2015-08-11,115.5846801923503,123.2227018223836,114.25907816400549,121.82552562563531,716363.8223126102
2015-08-12,121.47436660547712,125.2085824607086,119.42163494839393,123.12790846633285,1082695.9951634817
2015-08-13,121.83899701491632,124.5084160788253,118.00676163538091,120.65013341361406,1027450.4489452947
2015-08-14,122.13410337140984,122.51968800287617,120.04608818588792,120.42628112089193,1515535.9971211154
2015-08-17,120.85031081376042,121.8586344948547,115.97271071641667,116.94847917097849,1099356.9422314637
2015-08-18,119.68499846814147,121.84896564735995,115.86834423789631,118.0018797531248,1082315.1121686883
2015-08-19,117.15874008475757,122.14828124132367,116.39442819976867,121.35658376127829,1170005.1101123686
2015-08-20,121.19887260690854,123.211688103646,116.26028589174523,118.22369093065615,975749.7568970021
2015-08-21,119.2100647989307,119.23331574061439,117.43476087684937,117.4576700283605,1154880.6598388513
2015-08-24,117.18564658160054,121.9061756656763,117.05501416460548,121.7704323697777,1405156.834917409
2015-08-25,120.17371934125511,121.4969935857048,118.54438563379792,119.86425222921156,1405066.7703921227
2015-08-26,118.78955232056677,121.5766405907112,117.84785031975217,120.62042438513065,825755.0393118762
2015-08-27,120.73525486469606,123.36380749130907,114.19699673080063,116.73853594931988,506253.5195497119
2015-08-28,117.11729603064181,119.644304885691,111.2751099479079,113.72901066773109,743039.8821039549
2015-08-31,113.62734417557347,114.15330309052983,111.37796662322152,111.89591107049961,1148923.9367043204
2015-09-01,112.95691292655788,122.6808983645721,110.30199430981001,119.8636451765586,379271.55157143663
2015-09-02,120.98805638046221,122.51862356861388,116.8601323072821,118.35742046662591,848321.6670994352
2015-09-03,118.71840778514544,120.0087857870075,115.1604374735022,116.42589764919333,1227808.5915688109
2015-09-04,116.4554820077741,118.10076519923493,112.78974411149952,114.40607325358833,818596.8213292446
2015-09-07,114.13268760120322,116.3076520416089,111.66863916383197,113.8379876681866,655704.4578388948
2015-09-08,114.4307077006191,118.01524206462938,112.6850968932698,116.24200045544694,2067973.1121698173
2015-09-09,117.2521025334939,118.04818240023813,116.17156260954485,116.96569794032395,1783877.8528221517
2015-09-10,117.0326797125122,126.2498815372276,115.69924775960635,124.82763640537623,924364.603740397
2015-09-11,125.35841395455405,126.8433073624128,124.21919369647595,125.70097401959319,1739429.2823583542
2015-09-14,125.3157669639425,132.2692066181603,124.67421984877686,131.5955107033853,1722476.104815602
2015-09-15,129.84030428061476,133.36775528255802,129.26464327584344,132.77906496506472,651965.1238932817
2015-09-16,131.52322336405115,137.74927183045585,129.20981358055644,135.36823081330374,2992575.7240160266
2015-09-17,136.34772942428836,136.60751933508956,129.13527600607136,129.38179338266505,704006.9610425187
2015-09-18,129.92827380504488,132.05461121153587,126.78628910347813,128.8957284183112,921654.6346617044
2015-09-21,130.83252940127687,139.20113886506903,120.41794514846667,128.64674229863374,660512.3717494652
2015-09-22,128.71493540606414,130.0491070522194,126.37282541218708,127.69644002661393,1055819.8854045717
2015-09-23,128.73989153407123,128.82400187636017,119.27492567386186,119.35290316334566,604791.0768530472
2015-09-24,120.84497377988352,124.79190906875125,118.82370528597261,122.73896149399286,1020212.5067328871
2015-09-25,123.89229911089511,125.87369612821742,119.34061035820224,121.28023286405221,1577188.220623536
2015-09-28,120.5828438549624,123.82556548532482,116.42924099224939,119.6467902074239,1113903.2709719609
2015-09-29,119.43812822187508,121.03968953703763,117.12539271885795,118.71728819685714,919931.3691774069
2015-09-30,118.86286374353561,119.44820179213092,117.31499309207832,117.89556770863396,1897136.273118648
2015-10-01,116.7973017034103,121.80668984807856,114.48840205265479,119.4454406397889,714166.6295743238
2015-10-02,119.98074794966445,122.81184132293856,112.07686897064036,114.78537103312989,1505306.3977621987
2015-10-05,115.89600924176969,117.81210811007091,109.65136940968613,111.49470183682307,905472.0732009606
2015-10-06,110.98810873631241,113.63901644733491,109.91103226147816,112.54681362798371,1113708.2722509373
2015-10-07,114.64456078640555,115.73365765486749,112.01665876123194,113.09099713354121,1034324.9685910483
2015-10-08,112.78032676605311,115.21181314375644,109.37387635468431,111.7838798444999,1074839.2200979644
2015-10-09,111.56950378165648,114.11901794113167,107.29825899350868,109.80750919192668,999471.0882385261
2015-10-12,109.5602750095706,110.24652219278514,106.314507744105,106.98462193874647,746572.1344867522
2015-10-13,106.26861883754502,107.78804430234952,105.29913827644177,106.81359199242932,812953.2709748612
2015-10-14,107.23533354814445,111.42199992880904,106.71808036833703,110.88713217747433,1217301.3608943243
2015-10-15,110.90811499301043,111.29312278109221,106.90579586614541,107.27820273236959,976882.9163048307
2015-10-16,108.9623083596673,113.65595779951313,107.91867177785127,112.5776932078676,640416.4459894717
2015-10-19,113.223724740078,116.2121635999655,112.6615462182722,115.63799772813412,768853.514671364
2015-10-20,116.22551832888018,119.01279199533276,111.29249688022487,114.02704770786785,772508.6461515187
2015-10-21,113.78835079749294,116.97200598932206,113.72047574442709,116.90227347312074,996665.5883386474
2015-10-22,115.34007997771309,117.94231138807326,109.1349305454489,111.65399887823845,1093831.409905564
2015-10-23,111.55957000719644,113.8104730598576,103.61896609944516,105.75270584401495,1055924.7438709647
2015-10-26,104.9030353441454,105.74719236062813,100.7495368288228,101.5668474686092,783669.1469412228
2015-10-27,102.48034715773402,103.09581483999159,99.68604039111773,100.28834352590647,1024802.972201429
2015-10-28,100.25949475695936,102.36974001075433,97.19950496612745,99.28933036025212,588436.5271769603
2015-10-29,100.85212361808527,103.6279272922641,95.02512973132082,97.7145771371613,320916.5395951484
2015-10-30,98.39350088737942,100.79163044937094,95.65477225791471,98.04439306910695,994560.3331692587
2015-11-02,98.81846067814814,99.55606069606138,91.00507243536582,91.68946022118524,524539.5637301197
2015-11-03,91.88929787464187,93.43078793065891,91.61567167903235,93.1533975232671,695711.4007816544
2015-11-04,93.33707443233973,95.06713668001645,87.45044788857017,89.10201052363844,626992.4514895879
2015-11-05,89.65202372446554,90.90419927255391,86.06816817506386,87.28731569489379,1305409.7117980407
2015-11-06,88.04832150038071,88.87871761921168,85.36735680322595,86.18013378059779,625465.1626319548
2015-11-09,85.60149813928766,86.06960245728835,82.66341719343127,83.117940392755,1132505.222791398
2015-11-10,83.50457306512605,86.5802066348671,76.69134733315138,79.62405394157366,833694.6965453892
2015-11-11,81.59609860783273,82.09210421249932,76.68977531671095,77.15880755784814,617975.5624501259
2015-11-12,77.09341615563902,77.3678573545379,76.87391649999789,77.14820171396593,539485.8610704313
2015-11-13,76.96191516757688,79.08667689944657,76.49911405034807,78.6139415226408,1217539.2429299557
2015-11-16,78.09955274937403,81.32119393262859,76.85198869716568,80.0425917310299,1180757.038525429
2015-11-17,78.94699712309765,79.73823492211031,76.81504401301692,77.59270860077801,1378251.1774164764
2015-11-18,78.46437894366696,79.86372409876508,74.35003396260166,75.70008021175259,2102912.4509539916
2015-11-19,75.74368868542462,75.94957329240772,73.35415616560572,73.55408905744686,1126529.7221841654
2015-11-20,73.76233647595416,76.25418724312627,72.14831343103384,74.62136740061331,1130300.0061500906
2015-11-23,75.92217045861965,76.88365905045681,69.11330613030289,69.99979293556609,960987.7914251016
2015-11-24,71.65946070883511,74.34337392274864,70.14161616988748,72.80134277342582,1052784.1582560763
2015-11-25,72.19010490156784,73.75479283329311,70.16079539406155,71.71518975438386,876962.7219011878
2015-11-26,72.42980589577104,73.26781397473678,69.17396557835399,69.98367204999607,705195.2934608373
2015-11-27,70.39621076991465,71.8994802817808,69.25529047195117,70.75278100488818,2237789.892775484
2015-11-30,71.01992885620096,73.66758893851153,70.4775092271635,73.10921226264888,478510.3047142193
2015-12-01,73.44078978534168,74.79886550956807,72.56757779665391,73.91995622539565,1114937.9725192958
2015-12-02,73.90491251223642,76.77320650757225,73.57333990598406,76.43030379428463,1201963.6634165081
2015-12-03,77.57952606893919,79.0074058469707,75.35968191111554,76.77271197836724,1068916.8867881799
2015-12-04,77.22004964098691,80.78210195283336,76.29266473084151,79.82345113094532,684895.4118563446
2015-12-07,80.08520206149684,85.75249697908922,77.46524253691496,83.03600302746067,931586.5962713411
2015-12-08,84.0163218478118,86.64166614966247,80.20873557126848,82.79594552057479,835971.0821038471
2015-12-09,83.4993383355239,87.59170407956938,82.5978593038636,86.65614341750134,653836.2784161647
2015-12-10,87.0350894555677,87.97014134055006,86.19352366032025,87.12768025980012,985970.6059151608
2015-12-11,87.39899610095635,88.68413057392706,86.1023067908791,87.38726882332496,852937.1088412326
2015-12-14,88.83928059942677,89.20513168502904,84.55797411380611,84.90763419588794,804653.7539517392
2015-12-15,85.31865544573212,87.08075976799259,82.4207244994747,84.15887564300087,1318183.2890325561
2015-12-16,84.08967245147049,87.02178239668697,83.35299881567758,86.2660425141109,656344.0995525059
2015-12-17,85.56963098533828,86.27645945489651,82.10796806918965,82.79185132178539,1195072.2454300525
2015-12-18,82.52492420152862,85.60772380885457,81.4662843178585,84.52344663347723,784670.1009635092
2015-12-21,83.68731677742718,86.48649690833517,82.69896499211059,85.47700876284989,1187836.905654712
2015-12-22,85.56622352646524,88.21123796866543,83.618594538434,86.24808860200447,1029143.7330059817
2015-12-23,86.45984723792162,88.1121161703137,78.9387954723869,80.47672547729277,1101793.668863564
2015-12-24,78.91942272210939,81.24784536471232,77.92274006734658,80.23455376560375,676181.3920972649
2015-12-25,80.25056300376681,82.44011869538282,79.73034005841036,81.90914402602326,733568.0952944253
2015-12-28,82.41370153917721,83.98570349170159,78.45766019200127,79.98330346327019,709970.8507704624
2015-12-29,80.11124628737434,81.6574625994591,78.68613182794068,80.23023148924906,1071205.752398672
2015-12-30,79.50855573084257,80.27147951802544,73.74361361990762,74.458075560142,1346536.4825715197
2015-12-31,75.35260296082453,76.67324428118913,74.75255970748385,76.06750813852805,1537194.3405549515
2016-01-01,75.56887016186698,77.01864162835832,73.08502191111175,74.51456680925061,817481.2148925994
2016-01-04,73.65152178807078,76.86445925130153,73.40321464025575,76.606190796288,1032739.6251757276
2016-01-05,75.82574367604711,78.45142856259616,69.79986246309097,72.3035823641853,523037.87878583
2016-01-06,72.29539168907715,75.43675454833287,70.8070080827141,73.91502665710757,411484.3533229048
2016-01-07,74.60325035613091,75.04716025535167,72.94628184564097,73.38293050544723,705797.7511268234
2016-01-08,74.19281029248734,76.30765937929658,73.19142892473474,75.29144966107118,764372.830997764
2016-01-11,75.4423205919129,76.87513660484439,71.75608663729123,73.14527672232266,536215.1142812058
2016-01-12,72.32182897926985,73.25746043543047,70.82305748554924,71.75130808166065,489962.61903752695
2016-01-13,71.30744177698169,77.93854880787534,70.4577164897753,77.0207417699229,1232841.6290123162
2016-01-14,76.36881907747603,76.89374100421071,74.5354295191171,75.05129543243388,722727.3361841288
2016-01-15,74.92610515891845,75.62023313792723,72.73806231164443,73.41822099941626,509017.862522368
2016-01-18,72.18866006094233,73.34523540664374,71.64675029320985,72.79874581393018,2514208.81107466
2016-01-19,72.87630473167502,73.05118695843669,70.3390170648874,70.50821655932236,1065643.5625349574
2016-01-20,70.93897031468754,74.45597897388332,69.7411065071256,73.21960474766954,876035.5608870054
2016-01-21,73.11744003870734,78.24355103931119,72.2501138521667,77.32629895882594,1302846.6153051667
2016-01-22,77.66342233108057,78.4247670285328,74.90670889334226,75.64829907366536,733906.2366997622
2016-01-25,74.97820317856922,75.17122241384814,71.47805576475608,71.6625393607769,1871771.2439877852
2016-01-26,70.67819774587194,74.49708375596991,70.56219589722856,74.37501444119935,537396.8934970608
2016-01-27,73.92803630067833,78.74104310381686,72.29150448789464,77.03571711270317,589360.8770356382
2016-01-28,77.87869013125264,80.34603224804876,76.6261219533458,79.07423542129044,939404.8221924603
2016-01-29,79.84450808591178,83.23144043730537,78.67239128496001,82.02728055234081,731009.6958495391
2016-02-01,81.67387139350332,83.77978562395252,77.77677181494984,79.83527898797999,1740434.4999774722
2016-02-02,80.74401650245984,81.9587808591546,78.23659475743787,79.43161450345931,522992.14936893457
2016-02-03,79.18836962877477,79.4916770837803,75.76993976550256,76.06126979634634,740234.6117585963
2016-02-04,77.1484436735348,77.37040102898378,72.54653358532607,72.75585338546627,1089067.2545287237
2016-02-05,73.08815194648507,75.64490546833461,72.51577254165156,75.05710647779858,1239052.4538242405
2016-02-08,74.73706461236166,75.24925732047213,72.99910687416755,73.50284112496905,1475997.7344446979
2016-02-09,74.05565212315975,80.44965587888795,72.69024393977138,78.99321098085362,1134518.8996673299
2016-02-10,78.41542352238652,79.75147686573489,77.86626401325758,79.19684490028253,2381514.5185326547
2016-02-11,78.49696011730326,78.83320198700316,77.3012687068003,77.63381328549531,818353.8555081855
2016-02-12,76.56972842787083,79.99145883401316,76.22072105381773,79.62850943419168,1059957.6054396476
2016-02-15,79.82307340232903,86.74870581348274,77.50135950577776,84.29686824207126,1390160.4066815323
2016-02-16,84.25452543892571,86.84055009929001,83.05135517232961,85.61791044171774,870725.8274640287
2016-02-17,85.55552479510645,86.8620890765637,81.1587224963407,82.41736221481224,878453.2561736172
2016-02-18,82.09818131342375,83.9007358705955,81.61115814059548,83.40595471892897,820237.3219326627
2016-02-19,83.85924049803084,85.28534363787104,83.46300238120222,84.88426225406424,763283.9171293502
2016-02-22,84.74835575800606,84.7632979388602,84.36361642200913,84.37849339156423,628881.3489422918
2016-02-23,84.14778216939047,84.23963105338245,83.48872220551603,83.57995129144453,790404.9953759717
2016-02-24,83.97360131428131,85.8827510961813,82.77818910745223,84.67732103691459,531573.9231794659
2016-02-25,85.1322031768834,86.13653490875335,83.84600757289103,84.84697436962142,1146518.4953659754
2016-02-26,84.95564347382316,85.48604049686264,83.17392601881258,83.69646168923673,522164.470350026
2016-02-29,83.14601626564956,83.52535951711859,82.93790352215882,83.31681925730432,2242723.0457666004
2016-03-01,83.12796548267997,83.51806638805604,82.1596464092228,82.54702107272612,1938607.1337387222
2016-03-02,82.73824588271692,82.97484442081172,82.63901059511811,82.87544457869633,1528905.9756977241
2016-03-03,82.88099628606466,83.29081247350074,82.60043066523721,83.00981079466005,904428.6061887938
2016-03-04,83.49739826805951,84.24736560216394,83.49187630343881,84.24179440811534,778404.3350491483
2016-03-07,83.80656328012367,85.53839777902874,83.29418820519658,85.01861249915932,1601888.5669651066
2016-03-08,85.23660354399787,86.07559049494525,82.55938253728053,83.38009581596279,1056682.2515058408
2016-03-09,83.1824880776507,84.50373072278916,82.51265130138692,83.82869032685227,1228471.4012798339
2016-03-10,84.24788629919486,85.02250791908078,84.0283604344784,84.80153939295762,737576.8719145107
2016-03-11,84.7774629272345,86.09957948554896,83.99312451479017,85.3103113024526,1502690.1112070864
2016-03-14,85.64263548443296,86.6494081933249,85.44034634996541,86.44522333483306,714192.7154859378
2016-03-15,86.2336547107216,86.88500958040655,85.22058306395441,85.86918495802833,1024796.0079031051
2016-03-16,85.41172505376598,85.69686237669535,84.58354991459454,84.86686829524866,492674.8557816514
2016-03-17,84.51069447528401,86.45638324601565,83.95104538414952,85.88761586742113,756082.7737327799
2016-03-18,85.69066638824071,85.7011662494885,84.75219214118732,84.7625782818077,1198389.2481690338
2016-03-21,84.43425624328296,84.89737605749288,82.05457365003586,82.50712318693509,820066.2144148896
2016-03-22,82.88148418915718,83.93558479513997,82.54851498521187,83.59973010028432,821114.819439115
2016-03-23,84.02279538347558,84.38095535307225,82.50696805152201,82.86017216246641,1343278.3391947227
2016-03-24,82.94568540849562,84.02664234543386,81.4849849344712,82.56092766787717,952604.560079449
2016-03-25,81.75412370576969,84.38717367689928,76.47817678542593,79.02327446511967,1608448.8914175753
2016-03-28,78.93488705247108,79.22498308180731,75.53139687963957,75.81000857203452,374306.7626802472
2016-03-29,75.31861883359589,76.53956592349157,71.93018811098707,73.11542041023571,1229461.8217518653
2016-03-30,74.12000524346867,75.62754958423503,70.83612136695821,72.30678621650365,1199625.484781339
2016-03-31,72.52264985492423,73.47467528049566,72.22245111379918,73.17178950427275,529753.0185854216
2016-04-01,73.51019004990445,75.92801836664016,65.84013893661282,68.07934084829279,584228.2305500386
2016-04-04,67.82222897276363,71.25014812845069,66.34176430306043,69.72808135916347,1390331.1614788703
2016-04-05,69.19800282927466,69.59712057235512,68.31743343961843,68.71375817385372,640445.0223722173
2016-04-06,68.51348410044473,69.11610267711318,67.216499367395,67.8129563682741,760265.5576275258
2016-04-07,67.52675362161644,68.90806453312067,67.03597198065384,68.41085726360458,1243245.479527603
2016-04-08,68.50659358018615,68.82864235657827,68.04146278100295,68.36283575336213,858164.4079022958
2016-04-11,68.38778052798729,68.53830396434545,66.92059283833001,67.06821186679748,1184409.1892864627
2016-04-12,66.86500414563773,68.7507934145102,66.77800240458964,68.66145421329757,693068.2786561031
2016-04-13,68.56060402412183,68.95087676387195,67.5504421938645,67.93716609045755,1102344.1671295012
2016-04-14,68.33940340900388,68.57587222465477,67.92954200436183,68.1654087616667,1507133.6474578572
2016-04-15,67.91824262964745,68.65626062040018,67.61747412516327,68.35356434135748,1114620.378828841
2016-04-18,68.11640886322249,69.6446257546776,68.06920963106417,69.59640100614354,408517.90192192316
2016-04-19,69.53633564312624,70.33457113569622,68.41993747700812,69.21447823932108,1269154.3713932366
2016-04-20,69.03157972741208,70.27703448785759,68.87288926416467,70.11585149019331,1002027.0089463281
2016-04-21,70.00222786334845,71.07617658864599,68.41413971160746,69.48007780050787,682490.9597690584
2016-04-22,69.61964154991995,70.64813216384059,69.4596098279752,70.48610873047896,1705170.9670774213
2016-04-25,70.94759480784496,71.05850091994962,69.71926014286896,69.82841674269918,488810.5175267421
2016-04-26,69.3587609529452,69.68189972656664,69.20427544579573,69.5270394061732,2065292.002646526
2016-04-27,69.52224501865659,71.24204454484384,69.5053910747303,71.22477786405754,760823.4191881467
2016-04-28,71.23593329495871,71.91116400646528,70.85314065012953,71.52680831873742,1832386.703010858
2016-04-29,71.47008156077439,73.45175906918186,69.81735906656273,71.7916015297942,961642.9833182896
2016-05-02,71.66467165660907,77.90506430194405,70.88161201253735,77.06301844587053,576184.8566558718
2016-05-03,76.81516848155083,78.80317205318639,75.98805819499573,77.96369496348076,1016525.1889736047
2016-05-04,78.70347143166643,79.09485857511561,75.62524194190527,76.00320081869063,1117018.1672348941
2016-05-05,75.66915630359325,79.30418680647935,74.20699462728115,77.80083452680302,1214415.465078432
2016-05-06,77.70723837377507,79.40580658090204,73.3373336837969,74.97620544826329,1493371.6508163537
2016-05-09,74.97612492066258,80.81568748163153,71.97685712614292,77.70716977732211,684602.8411546125
2016-05-10,77.78609988411762,81.85314984004069,76.70864659716972,80.73485194708513,1190635.0233406138
2016-05-11,80.60450464590855,81.12061063985043,78.80200185927369,79.30981804961765,1312357.7420663042
2016-05-12,80.0586602731974,80.5418682145782,77.30580223060639,77.77522812085303,878193.228155255
2016-05-13,77.76885001366139,79.12116754597764,76.88035793396801,78.227436219317,673928.4773536081
2016-05-16,78.3560985083967,78.51081773779943,78.12638658201267,78.28095744047367,668604.8005874585
2016-05-17,78.24289828788105,78.83257389198309,75.35295837510814,75.92516645244271,1318894.7083317882
2016-05-18,75.20557126756097,79.91804654513554,72.67287644486011,77.31433497675279,1345132.6491668501
2016-05-19,76.70800092108007,77.0033016549055,72.23663578982331,72.51579791216083,703269.1231633555
2016-05-20,71.79632265636529,72.00218534463887,71.34571673257827,71.55087564690736,574024.1044805703
2016-05-23,71.68112385399127,72.93118299073151,69.43082086705932,70.66312698573971,1602435.879062204
2016-05-24,70.1867247427198,71.03970025025424,69.22260955928326,70.07421777567153,526981.642557636
2016-05-25,69.37143133219769,71.47113943431826,68.68656428163712,70.77244096473666,1042404.3701756292
2016-05-26,70.93167111934231,71.5366664182714,67.52263305315667,68.10350617266528,709764.9892803534
2016-05-27,68.44137334960192,69.41648783332047,68.41939051262496,69.39419895616706,486217.5799146263
2016-05-30,68.23961252389856,69.80332556701579,67.46312404225353,69.01798015495098,1027706.2266300073
2016-05-31,70.1199148400614,70.85451084746735,66.92641422772193,67.6349773288047,906744.1012478793
2016-06-01,67.65560789383618,69.49409071994582,63.039543300549155,64.80043938351533,1734982.894566038
2016-06-02,64.73604472223981,65.105507281976,62.088604885880024,62.44499191344772,2416735.133308938
2016-06-03,63.074442307518,63.44403706989129,62.80359396023979,63.17276650806403,907436.2636026979
2016-06-06,63.214439374417665,64.07671698874782,60.46221334926974,61.29835457697135,1471177.7722807983
2016-06-07,61.15844890828969,61.41424347320321,61.106940170425325,61.36256282695138,1482618.4217656197
2016-06-08,61.87154757782197,62.4729846539148,61.60390357170361,62.20390294459843,794025.3314795883
2016-06-09,61.95130319571894,63.359793079889236,61.63058622320456,63.033473796191316,692520.0293719965
2016-06-10,63.010216195293175,65.0234279311288,62.30152452641484,64.30022718583459,1856826.6575341152
2016-06-13,64.5061226341621,64.80057392505162,63.783412324723635,64.07589977604617,845566.8733754436
2016-06-14,63.8168486084153,64.29274031442257,62.74944446544078,63.22089203488116,967950.220632264
2016-06-15,63.196512194190625,64.06871362474435,63.18223872660868,64.0542464306197,870884.1207796566
2016-06-16,64.14783468240219,64.70482154824644,63.7639423272334,64.31989947231206,927368.1610227572
2016-06-17,64.9037552350816,65.56797340665048,64.59017950073425,65.25271172536064,768862.4160025829
2016-06-20,65.03251931041669,65.7707706139149,64.54094130549902,65.27734200482334,1317364.659712607
2016-06-21,65.2655826818661,67.26758949995933,64.2969910059346,66.28388542451225,1612151.3130963591
2016-06-22,66.44891101778256,67.1113537946945,66.34884008937415,67.01043721739192,842852.6936473332
2016-06-23,67.03096403187648,67.73951700095151,66.9265034216193,67.63411644197441,564489.9702015981
2016-06-24,67.32662906359481,68.1076241271032,67.3000474574238,68.08074478425098,997741.4782714304
2016-06-27,68.18576495013727,69.95947794577133,66.67092822676352,68.43901493977425,540885.2002823902
2016-06-28,68.46683543935319,69.26510669640082,67.86000088737461,68.65659031099473,758052.5176230351
2016-06-29,68.77223050381888,68.87268134110164,68.76822581277214,68.86867103420495,1595951.0972882195
2016-06-30,69.16319065817956,70.02425294264232,68.89105937786891,69.74981352083105,2463393.1215655454
2016-07-01,70.01692198925655,70.27467389461704,69.06267544371545,69.31785388353207,1135725.5423208184
2016-07-04,69.42468634617939,71.37065446724009,68.93151293538601,70.86723360715499,639893.064406011
2016-07-05,70.95042503710053,71.52101186138005,70.22000073242269,70.78929171455967,1333871.7291648556
2016-07-06,70.49538640918986,71.88039040464506,70.30882017192594,71.6906608701777,399850.858405813
2016-07-07,71.65426622314699,72.29424821697296,70.98651983202652,71.62625161260976,741600.587827107
2016-07-08,71.68589746859774,72.47434409272554,70.63547405172375,71.42100724644921,1793118.2851008077
2016-07-11,71.31275477018315,73.50263002351662,71.10656223336618,73.29071843479858,1315442.5466816805
2016-07-12,73.31775730816823,73.77334265712078,72.56926319343499,73.02301707156145,564453.1677458909
2016-07-13,72.79522789781183,73.46661433345325,71.21159312374235,71.87448762179503,504339.19847705855
2016-07-14,72.29130277508696,72.36766236925132,71.17246680218322,71.24772408885137,1374347.1466593838
2016-07-15,71.82725983327242,71.99966660477321,70.8100607914687,70.98043493151904,959473.7301511203
2016-07-18,70.87592716504811,73.00367154612623,70.82526822065518,72.95152905428786,772063.2135581481
2016-07-19,73.06192025201979,73.40818090675234,72.81329399652618,73.15922353280106,1152254.184227832
2016-07-20,73.09447477426151,74.54276838314257,72.601592996996,74.04348733970342,778047.143009887
2016-07-21,74.39690920458573,74.7604572924456,72.77504651148593,73.13241552194391,455054.44268611335
2016-07-22,73.25265499142378,74.03923227545893,72.69064974548677,73.47551719758478,1349052.8922938008
2016-07-25,73.49699359057144,74.38835626226296,73.2282947749199,74.1173893320556,755510.3678728209
2016-07-26,74.05473295986108,76.21666012330178,73.68402062350594,75.83702576530713,655931.5129243301
2016-07-27,75.8731785316905,75.94947599176882,75.11696665958213,75.1925797149465,575107.3456512705
2016-07-28,74.908273167879,76.20241270281912,74.495200965989,75.78450861135664,1080116.3445574744
2016-07-29,75.97800713748353,76.28714199152941,75.78323819400339,76.09208062169017,709797.7548119795
2016-08-01,75.88673495004457,77.28260320317224,73.75468495605651,75.13675805863531,1253624.1093924681
2016-08-02,75.28865929810073,75.40357693863874,75.02154484912045,75.13622982732532,879128.6094585247
2016-08-03,75.17304468405675,75.45072682649166,74.62837090126997,74.9050631451559,1503406.5730101075
2016-08-04,75.21505745062576,75.75941943302665,72.2331446363121,72.75973646142783,838461.7601328747
2016-08-05,72.75506333262965,73.67345773957958,72.41236479222688,73.32806020911028,753813.3631193893
2016-08-08,73.61160844192436,73.85943586009842,73.59865901961223,73.84644512637541,446527.24141659227
2016-08-09,73.58900418659562,73.69573783486268,73.35014292105728,73.45668465279095,631504.5042665607
2016-08-10,73.62589098816778,73.82370292377986,72.05137276506787,72.24547591598872,1302514.1240471753
2016-08-11,72.18428361907104,74.01013984540971,71.80435158626733,73.62263723648671,3299228.730864806
2016-08-12,73.6766817498037,74.24237374223098,73.3226913391195,73.88737104396819,594224.0458846971
2016-08-15,73.9074083927621,74.99997194299371,73.76696256290744,74.85772024091276,647078.170141555
2016-08-16,75.12263031981833,76.42522646226296,74.91823685255093,76.21785311551464,1118727.2643685802
2016-08-17,75.63605040278864,76.13996790032257,75.23393914799325,75.73731826538857,1182577.1908192101
2016-08-18,75.8298036951436,76.90328405279872,75.46439053812814,76.53447518300949,746990.167572078
2016-08-19,76.10215688968405,77.80430062055869,74.62257175544354,76.32047100324154,1009148.8724707263
2016-08-22,76.66859453564877,77.09856220308251,75.8507305649173,76.27851058974012,515808.9074346355
2016-08-23,75.70975754017023,76.58691830069327,75.33972663128571,76.21442085340546,868730.944369609
2016-08-24,75.92526802562284,76.34190756432962,75.81510705028492,76.2313025594399,1399797.2582044068
2016-08-25,75.74901237396757,77.41436443276152,75.6635569902978,77.32712871515491,1874336.5072595289
2016-08-26,77.80622673279018,78.2578522837395,77.01664909542107,77.46630155369209,915036.1404913408
2016-08-29,77.08888910433966,77.6357307258833,76.78893226901023,77.33481697256055,882279.2782751743
2016-08-30,77.36811396947117,77.42998730422102,77.02255298747706,77.0841992681027,1171204.6529859258
2016-08-31,76.92809560281356,77.44611025309291,76.91688080884752,77.43482158718884,1519758.7218986636
2016-09-01,76.90807411815642,77.7603243338713,75.73626575285242,76.58493513165111,1187568.045651049
2016-09-02,76.48730245124354,76.78254722602105,75.82575901768028,76.11958438250468,725603.4209264278
2016-09-05,76.31025661855382,76.45662744691627,75.94163317220573,76.08757687819302,1127470.5365873857
2016-09-06,76.03458425622763,76.78441585418844,74.81986423725665,75.56506557456984,1438005.4360635881
2016-09-07,75.83384658628721,75.9990974589081,75.3058650932457,75.4703238069665,736731.4191425155
2016-09-08,75.3670844011071,76.33728032014444,73.94532975600079,74.90963698208098,574927.177520465
2016-09-09,74.91157883051815,77.02477893093119,74.73465100757525,76.8432887527898,1198244.8078995114
2016-09-12,76.73152767515872,78.35015601302625,76.54429441338851,78.15943849376521,1132009.758406091
2016-09-13,78.26093369461461,78.67850561630917,78.2051750840163,78.62248940791237,1437580.660143665
2016-09-14,79.18677968059944,79.71105660644032,78.06779149157308,78.58810473227928,1013774.6859278878
2016-09-15,78.6957029078295,81.04567624405165,78.46293773195134,80.80666728387389,757310.3997990496
2016-09-16,80.86605363083353,81.29043189991161,80.73154870823616,81.15544563011457,822519.386021335
2016-09-19,80.96575388871041,81.5416347386066,80.51079664660806,81.08600180759976,650000.1815258561
2016-09-20,80.85446499139226,81.63888770321797,80.63276244363854,81.41564639878848,671629.6592910985
2016-09-21,81.86617305283798,81.92039514586625,81.69538741292435,81.7495322517201,783061.4852502559
2016-09-22,81.40586815587827,83.39270977368135,81.2515086314126,83.23488212421695,807757.4870649053
2016-09-23,82.94760926640562,83.36752809041312,82.81535153467327,83.23481242097641,1525547.157702159
2016-09-26,83.20415447950197,85.6688513487014,83.02619733082541,85.4860137565762,601063.3833072914
2016-09-27,85.34826997348192,85.59510215349226,84.3168902840054,84.5614469258215,960949.2754405155
2016-09-28,85.18666886579288,85.33794932021115,85.17316662522285,85.3244252450067,774832.7225984611
2016-09-29,84.5613248799003,85.06963769233606,83.76771824066978,84.2743057311462,1770912.4223354906
2016-09-30,84.38940930180148,86.93036369301367,83.72018260179674,86.24641056186717,1087479.8038226205
2016-10-03,86.47874047924448,87.1874310632354,85.20439937487373,85.90841616890984,844613.5075148056
2016-10-04,85.54458821357156,85.99555102165236,85.41542259844846,85.86590025056825,1355209.8022139852
2016-10-05,85.65670751553834,86.90541591912252,85.64375624496033,86.89227783065324,1006487.7905673892
2016-10-06,87.03435643461773,88.3736106118517,86.96031653659307,88.29849531420821,811141.3674852527
2016-10-07,88.84232403396636,88.85542313332851,87.07809656789169,87.09093743912578,1805546.976619745
2016-10-10,86.78792947225533,86.80034583428643,86.72018376712498,86.73259221230109,1300914.7183313684
2016-10-11,86.21489412127943,86.2502636430241,85.20695942552821,85.24192979021987,1951151.1442736965
2016-10-12,85.55524413426414,85.98906754741675,84.97676300888888,85.40984917045519,1553894.92866562
2016-10-13,85.90174227224824,86.40608807581809,84.82021069084918,85.32114771104898,1335175.529204965
2016-10-14,85.21310550853977,85.58461650961854,84.59667526769341,84.96711379727422,1033948.001840238
2016-10-17,84.25616612787239,84.80691711785157,83.70687575805833,84.25761728750723,637325.7372885316
2016-10-18,84.71998364931248,85.74402753549647,82.85516367109771,83.86892042006656,1301128.399976832
2016-10-19,83.80598733437506,84.36639623152065,82.54801049511593,83.10372336769828,1010112.962764419
2016-10-20,83.45674268258729,84.20230012446216,82.9351553607496,83.6793217297718,1284093.8941023822
2016-10-21,83.665569367101,85.3928170260488,83.58748785946509,85.313197857013,978496.7104875456
2016-10-24,85.19206928385927,85.55217913135982,82.9307920475789,83.28283148030894,746265.1468538536
2016-10-25,83.140578623794,83.3776300410066,82.94408653247483,83.1810423189351,658120.4815989591
2016-10-26,83.64428575333741,84.19518310937417,82.21856385239391,82.76366124602595,1296989.714867554
2016-10-27,83.21238233008894,83.33882928752112,83.1720868930268,83.29849215194236,1641793.8053133267
2016-10-28,82.62541434244773,83.77838195643439,81.17643362622628,82.32521217343151,876021.4298085931
2016-10-31,82.03388702261658,82.42725414865578,81.80012275120347,82.1930363642951,1176939.3802727107
2016-11-01,82.74510452022609,83.08383313094753,80.81066960715036,81.1428391212855,1703113.4010793022
2016-11-02,81.03019348629618,82.15602704062898,80.75475063439482,81.87770328094733,705110.2351777952
2016-11-03,81.45667944095597,82.45207596502438,81.00729592520207,81.99969670956007,858314.4040552273
2016-11-04,82.00108077428392,82.44250442093951,81.41190944191418,81.85253343682392,629760.7039467873
2016-11-07,81.81900762184986,83.08842912625553,80.98975658740692,82.25476164283373,1570517.2474862067
2016-11-08,82.22449767720057,82.53115058472825,81.713362715985,82.01925016128065,1090975.200254068
2016-11-09,81.64758457884739,84.29115011684932,75.59104327879787,78.12040671396855,818221.9705796337
2016-11-10,77.89151765662994,82.60290479188284,74.97238606024692,79.61903135985477,509091.38915092946
2016-11-11,79.27603867442537,82.31210821817592,77.35467641571972,80.36436880352223,915433.8327677841
2016-11-14,80.61792813061524,80.72906571745253,79.88406731864733,79.99434525183251,1461924.7832073611
2016-11-15,79.38001508704626,83.375884591469,78.57077833173544,82.53448965676368,874450.2674182315
2016-11-16,82.30860254976876,86.79446268640714,81.33914797316169,85.78407301139588,830952.2064589015
2016-11-17,85.66728911787514,87.14083440365228,81.47672047649752,82.90271285899748,1268988.0461819516
2016-11-18,83.92557414394724,85.71282633146006,79.18434322673228,80.90731963138546,602742.69697524
2016-11-21,81.19279330622977,85.08046488708271,81.08553487786361,84.96821899358387,1004503.5262487874
2016-11-22,84.88014346860906,91.37830053725784,82.4871066905921,88.87270107038383,1247979.141373947
2016-11-23,89.32297461871619,89.60291261483945,86.57810890487619,86.8502975367363,721990.4937795603
2016-11-24,87.18358182826051,90.41056247285431,80.60165026766765,83.69967903096975,707920.0738193054
2016-11-25,84.56003415915713,85.68456292469354,80.96394604194265,82.0551635741668,1086082.053004986
2016-11-28,82.44788779133768,82.9259646699168,80.328561287003,80.79706581828361,946200.299098927
2016-11-29,82.1666457929247,82.47342503116313,76.59599204103833,76.88304430583489,896345.8238954858
2016-11-30,77.85987696878472,79.7816327905053,75.07691975086672,76.9768812646453,1068945.1875955514
2016-12-01,76.94705835015677,77.26623246690534,73.64562849832727,73.95238078130495,1075521.4770741411
2016-12-02,73.66272794483982,75.01073180966075,69.90006675269608,71.2030594880291,681728.3154306737
2016-12-05,71.7968480042609,73.31074090434281,71.79120394146997,73.30497828506594,755664.58735623
2016-12-06,73.66283013457982,74.53518895141525,70.91166199507354,71.76150418510173,1176986.4723130716
2016-12-07,71.69737862635749,72.2702017310902,71.04500858965955,71.61719103913323,1537494.4963250877
2016-12-08,70.61771010201576,73.7590209997263,69.9496765044948,73.06780980389794,1686443.5630752917
2016-12-09,71.80269143428923,76.43183294645787,70.41375257317634,74.98140558779727,703805.0515252608
2016-12-12,75.22814944775385,76.36535771115996,73.08556669214197,74.2073436469147,1521327.3141976197
2016-12-13,74.74785322401938,74.82170157313563,74.25479293748919,74.3282267098118,1331590.9365477203
2016-12-14,74.89250815238265,75.61184886548705,71.74223536159545,72.4380005894585,973720.7318309515
2016-12-15,71.55696399532928,77.23546674682929,70.92070457679193,76.55476860316725,1196386.322389906
2016-12-16,77.30515675839604,78.49596125507506,76.96960884287759,78.15671708816055,1370197.701431261
2016-12-19,77.76223573593698,78.8584679607237,74.44106747002401,75.5054857684983,2004250.3972916726
2016-12-20,75.78260890136629,76.05387320685021,75.26274772415995,75.53311897896236,648651.1070601487
2016-12-21,75.83052031680452,78.01816042316766,75.09463613786806,77.26832333334677,1251742.4350454765
2016-12-22,76.68241432221909,79.63692326930925,75.53474430723548,78.46260989550183,933064.2925134281
2016-12-23,78.02420033631728,83.26924293102844,77.89883142716876,83.13566095159236,908606.9353898345
2016-12-26,81.50715745927006,87.39755351058488,80.97305412373863,86.82857974793096,1554908.4213197806
2016-12-27,86.07643725392953,87.14524635853363,84.3262036121846,85.38644510038472,1364921.8574422167
2016-12-28,83.93210717819038,85.72293236639972,83.3844472116071,85.16721328878022,659603.8116335798
2016-12-29,85.51917841814934,86.23438938658491,81.13314272664111,81.81739507151107,881869.7571031492
2016-12-30,81.86487659466553,83.43150182515761,80.92288566407022,82.48240520558956,1079998.9705076534
2017-01-02,83.19480410741531,84.13399536900897,81.95960838388774,82.89541987850355,563585.5639578688
2017-01-03,83.17469516257177,90.9129257464481,82.59607700113882,90.28484468483803,1390147.259981494
2017-01-04,89.74332551599117,92.76521426815889,87.5826702539357,90.58431147540327,958172.2858694869
2017-01-05,90.88063926178397,91.39750897353733,84.34236563348377,84.8247936511578,1052809.6659791786
2017-01-06,84.51186051972965,86.6505328852136,80.96567913476049,83.067808048284,1127648.9385097318
2017-01-09,83.54587092777336,83.71824750505236,83.21008990273255,83.38212863763566,2020539.8805308894
2017-01-10,83.63060691573679,85.00903982955091,78.8456063277007,80.16694986895705,1001730.6443477196
2017-01-11,79.41809924840061,79.76837866654448,77.68130509154545,78.0254420919906,857067.5124087101
2017-01-12,78.0270634099334,79.39808689269965,75.79476838829706,77.15038769018008,1966979.806112876
2017-01-13,77.19072635637902,78.77168706231869,76.43109361598893,78.00405041251165,809557.715562872
2017-01-16,77.77724621012959,78.30175692866572,77.09392378288618,77.61735624260189,802181.8537079549
2017-01-17,78.27369421948,78.5866601141842,75.18972615942005,75.49156813070095,570135.0415100195
2017-01-18,76.7135357646296,78.0214749557066,76.10390658933427,77.40634018374625,1515534.7225020623
2017-01-19,77.13737196316639,77.43866888160558,75.82258308795686,76.11990580543304,1100140.267496025
2017-01-20,75.86766048493065,75.95303693809115,74.86565063230096,74.94999440467735,1190505.2459672573
2017-01-23,73.35789160670498,73.97239510826304,71.17860161691299,71.77988650436387,1055042.4221365377
2017-01-24,71.69244612068114,72.17764323084282,69.56728878173709,70.04131141212541,936460.9682621061
2017-01-25,69.752633407812,71.83916485859213,69.43260203249672,71.51106563755705,724036.0052800345
2017-01-26,70.05072218777289,70.13386008268665,67.89425489797452,67.97492919144918,725387.9725239775
2017-01-27,68.16022945620574,68.58758218989304,67.41352868915833,67.83886653344983,1172452.0553855256
2017-01-30,68.2177160662011,71.17067163751894,66.48369576070301,69.40643537725474,1037870.7279944726
2017-01-31,68.92498676564826,69.74672001241731,67.78535070415462,68.60324813840954,1885260.307383567
2017-02-01,68.36170601031198,69.99720409505211,67.51395989280039,69.13980880894796,731598.6390716685
2017-02-02,68.50839547700934,68.7155847025306,66.56401974457171,66.7659392779937,815107.4725101029
2017-02-03,67.24701095895074,69.88418618736101,66.96814202599624,69.5955779017132,660004.0825988422
2017-02-06,68.5976818496796,72.34704920400037,68.33267805889726,72.06863656132366,1705710.9354345822
2017-02-07,71.85531044489211,73.60584713122728,70.88233533340946,72.6224839122367,606925.6215288595
2017-02-08,73.96134469749066,74.76039414785467,67.99066967448559,68.73323669004695,1341724.7332111432
2017-02-09,68.76674140441635,69.08234763905837,66.21626796422737,66.52156994281988,1746767.3371698754
2017-02-10,66.81569775129176,70.37626880266117,65.1017413116667,68.61612772891425,935415.5622579335
2017-02-13,68.52104284447952,72.46887290420442,68.49135395659839,72.43748709418966,1317328.281475258
2017-02-14,71.63362791996548,74.41541476301131,70.37931614310327,73.13481701933007,426185.93381074455
2017-02-15,73.1122392301535,78.14068549168776,71.13524761016141,76.0833534528791,848691.1328076954
2017-02-16,76.37557555484906,76.90560782696919,74.14042201708081,74.65853837088122,513163.7873433419
2017-02-17,73.93710879258586,74.67479379840464,73.4962623902888,74.23218800073187,1058648.168006024
2017-02-20,74.47180565054667,74.58826870155534,74.13642886409605,74.25254902970273,992637.4062434059
2017-02-21,75.12600359986233,75.48515136565356,74.90786202957402,75.26660154449404,729721.050939672
2017-02-22,76.02736735785429,76.07826727395268,71.69721455653136,71.74524761634969,1437391.5847349246
2017-02-23,70.67225890091272,75.74034540567803,68.93221825915019,73.92033305888958,1138626.590859813
2017-02-24,73.2391183152082,77.37710594917066,72.95964677133466,77.08296674843884,804361.6888456825
2017-02-27,75.90761828487727,76.92543150601578,73.36444269210848,74.36152500084108,807774.3010028822
2017-02-28,75.11417259771963,76.46728188313476,69.98698644592547,71.27086220592155,553184.6726859976
2017-03-01,71.68188627758576,73.16663466206833,70.6005742327362,72.07932727089764,919456.8977911626
2017-03-02,72.55822619818984,74.50782120560969,68.72819481097183,70.62586855443288,2287704.205343935
2017-03-03,70.03969995870179,70.81769450637816,64.8314227767707,65.55965337893545,747100.0508206448
2017-03-06,64.83692657161478,68.2990242824916,63.84197262371842,67.26678301411108,1168768.707404048
2017-03-07,67.31566644182324,68.51413789411001,66.41884167022819,67.61334721816664,796670.4407708682
2017-03-08,67.67786426946218,68.56772203535581,65.74574118710242,66.62171220993346,1359905.7993823506
2017-03-09,66.08394601225852,71.7079985008177,65.6352774215498,71.22442924952797,1177804.2926204435
2017-03-10,71.32011470044199,72.13894805228047,70.73683600608406,71.55375854389028,902590.8824517436
2017-03-13,71.9895635501401,74.59805924577007,67.35985308302604,69.89235787516608,489041.6735509847
2017-03-14,70.04294421648011,70.77806876604406,69.39778145961252,70.13208493756098,807845.0774250845
2017-03-15,69.44330276022494,69.68518586153375,67.65154076851185,67.8880065024529,1590930.5912878595
2017-03-16,66.53277309523037,66.75526056029182,66.07274548090024,66.29443593980858,898893.4523197127
2017-03-17,66.13226744730451,68.10382380788616,65.16502100001655,67.12210012910684,1269462.4406005405
2017-03-20,67.22634128308465,68.44266580277574,64.78260907601397,65.97631693630973,818707.958338627
2017-03-21,65.81417611868127,66.43648577756032,64.44608909560169,65.06127969987595,473345.4900837488
2017-03-22,64.79794232641102,69.92439313735743,63.53651345756067,68.58916020152483,1171821.5048116613
2017-03-23,68.1410299752703,72.14156464999989,66.5429765914235,70.48845901752009,1123623.180579039
2017-03-24,70.96511209943048,73.69514862144158,69.60654258114812,72.3108166803273,787683.6824149012
2017-03-27,72.27503047718972,74.08302295465961,71.74415164903273,73.54283179726947,855192.7697176811
2017-03-28,73.62845955460008,75.77316391310947,72.5614953510383,74.69080505605737,1110402.8797401271
2017-03-29,74.00514082724811,78.35972408219118,73.8690779474404,78.2159194339461,783385.9787781975
2017-03-30,77.75738378648441,79.98761849441253,75.96604360417165,78.1863949430109,1135395.6981845284
2017-03-31,78.30740751539649,83.79032859649718,77.47763191682351,82.91176346023681,913716.3437562517
2017-04-03,82.12407637243918,83.45090273727789,79.1829035402977,80.4832196284302,389938.5894543768
2017-04-04,80.1001434277404,80.38252016641111,79.96200321580189,80.24413163330384,935501.7405576216
2017-04-05,80.14430200760614,80.6736364849292,78.36021771675773,78.88120976353893,782192.8065290285
2017-04-06,79.23927073106782,79.49458936829025,78.30587910373823,78.55900584416159,711435.1403278385
2017-04-07,78.61570422621139,79.13086076409688,78.57771720101582,79.0926432824534,1161343.8098221545
2017-04-10,79.52897901346753,80.73592983205417,79.36643477940565,80.5712553555096,816584.5868292124
2017-04-11,80.53120266695966,81.44510150122967,79.01278227709716,79.91974202252152,1226248.993684001
2017-04-12,79.82608112723527,80.3467895537271,79.42400139687724,79.94411529155326,1526387.6308079655
2017-04-13,79.52343635045514,79.78376762576774,79.34193445282256,79.60208622004001,1048407.5503402646
2017-04-14,79.42871892043856,79.7231900747462,78.59111551537255,78.88356558796984,537243.6869060625
2017-04-17,79.31146827855157,79.79042920462402,77.25942688099815,77.72883027674824,741989.5253707947
2017-04-18,77.82506040779609,78.19176543593893,77.44016225004316,77.80678114787672,1421599.1639496025
2017-04-19,78.02237886077702,78.30588938412012,75.86871333238115,76.14540347570643,894656.2422511588
2017-04-20,76.34833244599392,76.47846046612425,76.13968935121278,76.26968332185596,720342.4341018246
2017-04-21,76.2669316358582,76.35141484137988,76.22352541994631,76.30798526039413,956402.6563091427
2017-04-24,76.24891571693941,76.31991538612417,75.62577914760035,75.69626421177503,1209389.3775072151
2017-04-25,75.73036322632547,76.59465446883262,73.90292056315386,74.75609270569983,1098165.023441419
2017-04-26,74.945770099437,75.57154855387502,72.86754747728497,73.48109627121964,1279639.497374594
2017-04-27,73.60826057110455,75.58339012371721,73.28413235886791,75.25202372911335,715512.5986218529
2017-04-28,75.39195337555866,75.6928192688664,73.71268929521669,74.00803238927115,889418.4963041177
2017-05-01,74.05115022532553,76.31821540223655,73.24147087905186,75.49277327035963,897481.855308767
2017-05-02,75.27308351148547,76.22621182095301,75.13226680604654,76.08387832559154,983043.0641014276
2017-05-03,76.0086513226508,76.67842861949757,75.08624197496317,75.75377332356214,433019.50705369975
2017-05-04,75.48421426625248,76.25387847279289,73.91382255550579,74.67523815051486,903198.3718443058
2017-05-05,74.95879868417828,75.92954870955289,74.71214754306283,75.68052274298933,583501.6152050293
2017-05-08,75.07924256278025,77.48782814397036,74.96124671060932,77.36623800971212,1718344.6027576295
2017-05-09,77.30253092030371,77.3526056061909,76.42982445130087,76.47936591105976,1835103.2264212223
2017-05-10,77.16942481322135,77.57959551265485,75.80512210096865,76.21019430121049,1927999.776489878
2017-05-11,76.11181614176164,77.71112198821574,75.65255955601633,77.24502763577335,1366394.8953328652
2017-05-12,76.91371732287479,77.77729298832045,76.72902528208368,77.5909746571411,818765.7320535453
2017-05-15,77.58570908687165,80.02737562200954,77.15918335300336,79.58983226493017,1449892.0592040063
2017-05-16,79.97770412620277,80.19328183856926,78.82594451026915,79.0389919496577,916557.4991508083
2017-05-17,78.99105910266422,79.69323126986934,78.89834564512748,79.59980331652177,1263733.31351198
2017-05-18,79.78433480931862,80.00811008917569,78.15396672199674,78.37378576146287,694575.5458589775
2017-05-19,78.40339434224352,81.1719181130534,77.7391859200915,80.49003236253205,786784.4667197266
2017-05-22,80.3765955300754,81.13829855094967,79.01582547011655,79.77179701087452,1192859.957123783
2017-05-23,80.72163731811779,81.90249044681737,76.46656492693481,77.60177855796779,2000526.9499779947
2017-05-24,77.6226475489542,77.9326945961549,77.18782054464977,77.49736718626329,982925.8624757796
2017-05-25,77.34002696163724,77.66186955192599,77.05807397546005,77.37977167131291,2420261.2224206557
2017-05-26,77.2364672041767,79.97603907321822,76.56705915399195,79.28884309213583,2951967.999675346
2017-05-29,79.40289504994958,79.71538714401275,78.65911417749382,78.96990221735484,598048.3966636898
2017-05-30,79.09204468015876,79.72596024578505,78.34313873300474,78.97612521462698,982284.9819085952
2017-05-31,79.20657199005487,80.00877392788499,78.78757487083529,79.58776034941917,681510.1681860943
2017-06-01,79.63021837420631,81.33057259308323,79.51559197435826,81.21366684500208,939931.1559859931
2017-06-02,80.77421903818217,81.72598461191582,80.2192618922191,81.16831980699317,804030.202482698
2017-06-05,81.331506767974,82.53082181363736,81.0616482462727,82.25788954724254,967222.8420254386
2017-06-06,82.1618311153655,82.87262671253204,82.10592915894108,82.81627947703704,1454492.1719236374
2017-06-07,82.72672551550798,82.84924829797934,82.40518689372878,82.52741448571855,1439991.7308745554
2017-06-08,82.06485867147043,83.3490239732531,81.348510190315,82.62776188028865,1100934.998651061
2017-06-09,82.44864804781069,82.9328447168933,82.1938099154455,82.67729985130757,994567.4733978362
2017-06-12,82.45016958121982,83.15935084761657,81.0449394877125,81.7480818646994,1041209.6017092884
2017-06-13,81.73681531362719,83.36929766727772,81.40029021787998,83.02745876149031,1044758.137925542
2017-06-14,82.5713550853243,83.18524782317823,81.00329506401197,81.61004072398872,1246736.43993175
2017-06-15,81.62566601003182,82.98941714291908,81.48127683113131,82.84287482041469,995778.3239586451
2017-06-16,82.88180648748788,84.13384535283438,82.61611499534249,83.86500206283907,1212377.7551542907
2017-06-19,83.51005814652976,84.53946474686855,82.75976946696042,83.78669068687881,592136.9387287963
2017-06-20,83.58887205770633,84.30124850990893,82.29494370549797,83.00232134740739,1359987.5482429457
2017-06-21,82.73329025534672,82.83116270203156,82.68774388665278,82.7855875426112,1983619.8374205932
2017-06-22,83.06958021683238,83.50329674777022,82.86683995690959,83.29999413784982,1068788.8051414473
2017-06-23,82.50398444838439,84.56822709365188,82.0480996433497,84.10350396827003,568344.2553474713
2017-06-26,83.99436738896166,84.47705789831679,83.94573498013482,84.4281743169824,1696136.1825036635
2017-06-27,83.8982861090091,85.68241508655044,83.72959781008329,85.51048525381172,872739.99627164
2017-06-28,85.37096931494399,85.53603794309213,84.76804685386969,84.93226723170949,304818.9019338764
2017-06-29,85.20408272204935,85.2577254399064,85.15028765658585,85.20393027846757,912017.2560804508
2017-06-30,85.00084785247385,86.12547159137715,82.45125882414557,83.55677643603211,1263459.5268883193
2017-07-03,83.60048162480186,85.11884012861756,82.87309155966,84.38462737754043,1157495.5559697328
2017-07-04,84.115191594658,85.15111923098421,83.53496042483543,84.5677661770596,1624463.448274416
2017-07-05,85.18769485647873,86.34850555135479,82.99956216300784,84.14618065767382,1271353.488030132
2017-07-06,84.4366160548399,85.91342697757823,83.9359109176511,85.40696770104991,1044785.3860458889
2017-07-07,85.77083409293576,86.61775357133953,85.32999152345077,86.17483453153328,455148.2734862559
2017-07-10,85.74223221195892,86.04610325252818,82.89566375222736,83.1904914064299,640083.8820662664
2017-07-11,82.84427862387322,83.72148851243423,82.37721267369764,83.25212318431355,1067815.1925528161
2017-07-12,83.59188341795772,83.75143200647933,81.60329680326615,81.75934770188104,1300333.2588351376
2017-07-13,81.69928379636832,83.37648701917524,81.21505705121773,82.88523123482918,662504.0337136734
2017-07-14,82.8044302586755,86.74535794912305,81.64352114588071,85.5460121560898,780826.0987340179
2017-07-17,85.65393549405562,85.958133894081,84.70729866837408,85.00920732799892,1198088.3254024382
2017-07-18,84.60591317519669,86.16803478609656,83.55352291134088,85.10938200844727,467232.9869272912
2017-07-19,85.35800031296284,85.89370716861002,84.32824552049584,84.86083214847662,460484.6149757324
2017-07-20,84.86670944584385,85.62322655129695,84.50218895534488,85.25702955327294,908276.1736116462
2017-07-21,85.41146051238081,86.48075969028008,84.90666735305919,85.97264982702416,1099257.1091200185
2017-07-24,85.7547364355143,87.72736354998423,85.43260161341509,87.39905191135797,823074.0959250705
2017-07-25,87.56859091206925,87.9523566102732,85.96069021615237,86.33906757962099,401333.8133089223
2017-07-26,86.1090428513477,88.96172439429822,85.25361746951366,88.0866530162435,1004074.545337137
2017-07-27,88.4044009169377,89.02774279467873,86.46564293091471,87.07964391033526,588087.2369416886
2017-07-28,87.45144449229598,88.08461236754785,86.7721460565528,87.40497750046661,1288854.6207307265
2017-07-31,87.70622781682897,89.5422194566936,86.88469974539518,88.71127727224462,955986.5049949817
2017-08-01,88.88444604768209,89.9363231041574,88.48433942481307,89.53329573341794,1104756.1424499007
2017-08-02,89.74778172054211,90.28151787643836,87.9755483104694,88.50187497429131,1282571.336482491
2017-08-03,87.59672698472804,88.53359327894181,86.80801201824565,87.74355627155647,807822.772114458
2017-08-04,88.02043682711933,88.08327439506816,87.19243284011992,87.25472376744584,1380579.8604037971
2017-08-07,87.1643476530187,87.527389658423,86.85640718100314,87.2192552050613,1627856.1385012274
2017-08-08,87.25055456245131,89.23451080510257,86.5361711255254,88.5098168762351,1164280.5674599663
2017-08-09,88.41490705384051,88.71699538246055,86.80408728006485,87.10168871902911,1684601.2348001972
2017-08-10,86.64370771901037,87.64848750714592,86.63156793736465,87.63620866468342,776486.0028840251
2017-08-11,87.45779512314509,88.45450751073565,87.33779937098079,88.3333105148422,1430154.5796804563
2017-08-14,88.55317456879763,89.3630519203488,88.16996132993287,88.97800025133682,1107068.5168379953
2017-08-15,89.45466905748869,89.98810941386105,88.99050616817456,89.52358891281446,673368.0225922642
2017-08-16,89.31281235172439,91.76883573772378,88.82890428999818,91.27430008849021,964811.8669992759
2017-08-17,90.96244400352404,92.25961713374855,90.56558796913082,91.85885020826706,806840.8571232293
2017-08-18,92.36289310094807,92.99261886292915,92.24901394998807,92.87810448030332,799762.64857197
2017-08-21,92.56828184960462,94.74022697944316,91.40273042405775,93.56216135730675,1030067.8974232669
2017-08-22,94.29546482983574,96.77955052698582,93.25434977121435,95.72267762952985,1515504.2226375241
2017-08-23,95.74100219271055,95.97619920555331,93.25133946338866,93.4809845246922,877738.926393748
2017-08-24,93.16885410648247,95.0907755985502,93.10521841922213,95.02587154127659,1045764.7566707544
2017-08-25,95.37941020763803,96.10037173213529,94.02032759832852,94.73642890425553,556582.2060440059
2017-08-28,95.34276640774647,95.81609969950242,93.95567145670066,94.42444570557139,1038386.2648478934
2017-08-29,93.9123974043799,94.15478514041979,93.05953968164245,93.30034771849667,1571899.112896364
2017-08-30,93.8501034885748,93.883885270468,91.11829073684352,91.1511010002194,1371901.2470410632
2017-08-31,91.0541516276441,91.4513486837512,90.33938325645558,90.73518893126105,1201310.421896801
2017-09-01,91.24492086692203,91.37193479198874,89.84907203631515,89.97431726731257,808078.486739215
2017-09-04,89.84493236475734,91.4484278081167,88.96131982787664,90.55780427417946,676650.0778408969
2017-09-05,90.01796839183518,90.3201090999428,88.61628153876147,88.91471924752756,959156.580916029
2017-09-06,89.08341335200409,91.68705652587725,87.96930483244559,90.55454946039293,585963.8018321467
2017-09-07,90.87168381042652,92.19802144124714,89.56084537410943,90.88696260588488,610647.237022517
2017-09-08,91.6069686667047,92.48143241252748,89.76002367234005,90.62511481684335,1445868.9529807281
2017-09-11,91.21550001869018,91.92687932448156,89.13946134508927,89.84011417316819,692214.3790614232
2017-09-12,90.07619314906641,90.25274091966928,88.80028806634222,88.97467688424028,2027465.6915595147
2017-09-13,88.89473766244086,89.45887209953267,87.18094777238292,87.73773979123996,565238.6113549722
2017-09-14,87.56508260648036,88.27155913171808,86.45561759392136,87.15881635637795,1180367.5363410634
2017-09-15,87.06167655037476,87.74873231906683,86.4999644596044,87.18621670927624,625866.9641451893
2017-09-18,86.91239718249847,87.52005575638142,86.40524984322933,87.01232532090101,1066726.6663672924
2017-09-19,86.92203183600456,87.41732409971009,85.00861333926738,85.49577863953944,659303.5606710174
2017-09-20,84.67353071145881,85.46426459485174,84.44100720279489,85.23021237264558,1011673.9789443978
2017-09-21,85.28783291764792,85.57127899665758,84.0164055505931,84.29655721818888,935721.8962085481
2017-09-22,84.28733817613099,85.1114080414368,83.66404654564406,84.48664258613393,832433.8261523235
2017-09-25,85.3060019548921,87.13412726079687,84.69605394324567,86.51553097349552,1219219.7858541796
2017-09-26,86.76363773779707,87.45860699781686,86.52653370505146,87.22025514017193,1809802.6448428212
2017-09-27,87.06194497967296,87.64261603323669,86.31796710742967,86.89754165144686,787579.187470407
2017-09-28,87.08302405129902,87.83037162615133,84.42614970512314,85.15696784208943,1413142.6660724452
2017-09-29,84.76243897841664,85.69721964407319,82.74974847537962,83.67250913122575,1029356.0731074229
2017-10-02,83.48190639429137,84.25712781110754,81.17183857495701,81.93267366008693,983636.7178190817
2017-10-03,81.35432365597596,82.90105588761887,81.16165190996115,82.70518489193594,2373049.883896714
2017-10-04,83.15415418430632,83.39445828242445,81.69455686179681,81.93132715756076,421245.5970736594
2017-10-05,82.11506752277016,82.15076173005698,81.97984524290845,82.01549616799768,760098.6254452377
2017-10-06,81.65107745875152,82.15774409901894,80.88958379655219,81.39465929394544,485826.17025730596
2017-10-09,81.37605071951678,81.70252898016084,81.18147357823082,81.50763720426424,879142.1643046996
2017-10-10,81.80023220890457,83.55621065275832,81.23177531160266,82.97955822847695,909011.0694655719
2017-10-11,83.13484074199258,83.31622633256161,82.10662200859558,82.28615591824978,4505372.937292464
2017-10-12,82.40504883054857,83.47583198048325,80.88804458753279,81.95295314053568,1141823.2594737273
2017-10-13,81.68723390968157,81.760767757959,81.0708824601125,81.14392723036622,2027362.8564889305
2017-10-16,80.9484872050515,82.66257127311408,80.35656270048554,82.06250070048517,1665011.5749558983
2017-10-17,82.09201382842545,82.25079049971073,80.87141551524397,81.02813450503575,835984.507248014
2017-10-18,81.30996971437685,81.71026610079312,79.50540705314435,79.89875590544939,1203490.7236991476
2017-10-19,79.64844729622,79.89664356216969,78.28800942614771,78.53272894977738,1928443.5919808308
2017-10-20,78.19986847070253,78.55880371246325,76.81561389368188,77.16982124706539,1066104.398278611
2017-10-23,77.5035056114647,77.718760754205,77.43237057243608,77.64749355872529,1081253.471498881
2017-10-24,77.37446555137353,80.63999340685508,76.97033741902551,80.2209977888501,1214799.7903596908
2017-10-25,80.54760061896044,80.6614329676615,79.12814290972837,79.24012749716559,548389.900070274
2017-10-26,79.31292231416414,80.25191913812758,79.276318917479,80.21489947349014,721409.3574921981
2017-10-27,80.48201876850807,81.1265130980701,79.84378984456973,80.4882348798655,1137335.4548876071
2017-10-30,81.01890487195799,81.84884124056299,78.58402022923853,79.39734577259816,1235515.0990506024
2017-10-31,79.60400940383185,79.81492866368457,78.93019271546817,79.13988222115925,691542.5381965701
2017-11-01,79.37200937699441,79.748383557461,78.5525155941125,78.9267785341695,875525.9471855178
2017-11-02,78.65297438132338,79.0145079056879,77.90183248427493,78.26156687853589,947888.1340076169
2017-11-03,78.05593031527367,80.3023239047413,77.9637334405451,80.2075855717361,937161.698348828
2017-11-06,80.69562648903485,82.46056126711221,73.89940690417349,75.55183931667646,1309794.4832113278
2017-11-07,76.647144711243,77.0510016592904,76.07925896821568,76.48224706379781,1037865.0662924256
2017-11-08,77.48830434330604,77.55582876039,77.23610198697212,77.3034653326976,1062582.8666674772
2017-11-09,78.99567149415033,79.94739668250072,75.00837002928525,75.92307717151841,567821.4424337358
2017-11-10,76.14611196719369,77.35987032776714,75.0879731659478,76.29959865051612,655226.2914914319
2017-11-13,76.4457983262026,78.81430784944955,76.09742160640987,78.45676679864874,1130030.063928201
2017-11-14,79.20271128632938,79.2660477189695,78.79082345833837,78.85388094005154,528649.0389469509
2017-11-15,78.86797352630656,80.04640942456547,78.73951570251887,79.9162442084796,1106761.9792316617
2017-11-16,79.8690720033894,83.86894838722664,77.74773904341903,81.6990119829439,765202.3319775509
2017-11-17,80.89046397884661,81.09476989615474,76.45844192380362,76.65204281506529,720593.4064077154
2017-11-20,77.36997734399179,82.46073359696877,75.31265341727278,80.32483778369375,1285433.5319760938
2017-11-21,79.51119321766978,88.01014065049816,77.95562432634209,86.32133708470118,760153.7807546284
2017-11-22,86.73916713428979,89.12420905729348,86.66766827181212,89.05080471816474,707275.5857301665
2017-11-23,87.85663911535443,93.24181609510913,86.6337006657549,91.96173591140989,760353.4550249866
2017-11-24,92.9144049855901,93.09552636436321,87.82127847696803,87.99280600650972,1016733.622362351
2017-11-27,87.13739976677566,88.8299931903205,86.00063113540047,87.6860668116706,2955654.3981522783
2017-11-28,88.38493856866899,88.75783978087438,85.13141735343967,85.49211356820045,428550.94794556784
2017-11-29,84.20820937218785,85.41134452314579,82.74608263185547,83.94546377273748,985651.4591225759
2017-11-30,83.59659725725385,87.25950871421226,82.92326342345736,86.56228754911773,902385.5426335799
2017-12-01,87.52609954087987,87.54640073536875,84.39852097508113,84.4181012865721,1448900.4705814205
2017-12-04,83.7756963503739,84.84489928451741,83.02653351961231,84.09289986636449,857120.5371292535
2017-12-05,84.1462900596264,85.241796251327,78.174306613283,79.20548817398861,372267.03454411204
2017-12-06,78.84742012300858,82.7219221708341,74.95634742025774,78.82999311837607,1679928.4031490297
2017-12-07,77.10975987466261,79.4605404657095,76.73148706750813,79.07263848059394,643648.1023391632
2017-12-08,79.30280981294966,81.55292790339058,75.16022212582014,77.35507569558145,968748.4296772507
2017-12-11,77.6710293229469,77.87485319890088,75.44035495768482,75.63884598962659,576166.7027346087
2017-12-12,74.8470991075784,81.39776435561974,73.8128931902448,80.28837318836621,642023.523687876
2017-12-13,80.72360248683653,80.85611757272615,77.1781673626834,77.30507061968983,814186.2571096637
2017-12-14,76.72384378677492,78.3737025206263,73.19798423046949,74.80661514965968,1393765.9946640953
2017-12-15,74.09735797873518,76.09022875307151,70.98008754893247,72.94188143334239,1385546.7550002576
2017-12-18,72.94660514674855,75.99430401008941,72.72757826851513,75.7668092873599,781629.5324655796
2017-12-19,75.27896453133862,81.07098358566445,75.18598834162948,80.970977256019,1209745.652585517
2017-12-20,82.7249269612326,85.1900993918363,79.4032080928174,81.84207176286766,854603.8074198731
2017-12-21,80.63959661689454,81.46250308600318,79.21605301004688,80.03276693740371,1035854.3092687728
2017-12-22,80.59120375220358,80.63463756680372,78.93800871044239,78.98057449268426,1053372.5783456434
2017-12-25,79.71859233765704,82.34834935889289,79.0798968308156,81.6938285040687,1267147.311064981
2017-12-26,80.16596158794212,81.07720591976381,78.49920865387095,79.40176639951484,775533.5452893394
2017-12-27,78.10192484140953,87.3459737393807,74.15051841162737,83.13969183830024,939536.3759143711
2017-12-28,83.58150401236877,87.49328316168963,83.06306101689461,86.95392158751427,1079543.4156904144
2017-12-29,86.55829354496176,89.63857151163026,84.10415623881495,87.16717105314409,1026046.126904436
2018-01-01,87.48309349676333,90.28496140310183,86.20056759875482,88.98048336318408,721030.9687605673
2018-01-02,89.9385151190727,91.65458024205776,89.4192441894591,91.1284391417215,1961716.2073867556
2018-01-03,91.0002589724825,93.17764022292494,90.77990407590505,92.95255788239032,823894.1910547403
2018-01-04,92.57875732126888,92.62474375538045,91.70559851843173,91.75117386891024,1336894.3601889377
2018-01-05,90.80463963653516,93.76333293883735,90.20574935192333,93.14898085420413,1072805.2928880753
2018-01-08,93.2210142820694,93.53902708147601,92.41539760325783,92.73174130401084,1607391.9331667025
2018-01-09,92.40626798803693,92.68787595217036,91.58100556174394,91.86095167522585,415256.4177046722
2018-01-10,91.96975960037146,92.79037523654127,91.18141661262153,92.00175796637967,2234664.3675652393
2018-01-11,92.08230093162852,92.5553931094164,91.30397666101386,91.77549254622711,908644.462234836
2018-01-12,91.29525007826479,91.5164741769647,90.44265800668168,90.6623484759055,606149.5835880411
2018-01-15,91.25307155534917,91.74089474686957,88.4020894031023,88.87721165712655,1040867.8562474047
2018-01-16,89.24110442513825,89.51348757323586,87.581317467544,87.84945299454637,2424800.2873718063
2018-01-17,88.13111278797047,89.68358055005702,87.94345492864686,89.49302277146529,1208779.9562375601
2018-01-18,89.09237263780511,91.76664456864732,89.08131813212583,91.75525965421616,605997.8081856488
2018-01-19,91.61396190146357,92.65732392631793,91.4897963247377,92.53191423702683,822435.2631309528
2018-01-22,92.34063232960798,95.15374472145005,91.15472352908616,93.94720311407073,1680604.131692389
2018-01-23,93.79992703643673,94.16487110107394,92.99644944158148,93.3596806551654,565748.3886353412
2018-01-24,92.96302077689846,93.56567357729833,92.68949958453427,93.29118683571949,920001.3388769149
2018-01-25,93.44444664908666,94.07492037736459,93.01687403090966,93.64642357582012,879159.0472486849
2018-01-26,93.8492667139753,95.25786872894002,89.17350263750116,90.53231994918576,2338360.021706632
2018-01-29,90.84487758991577,91.11559312302171,87.51238039007,87.77394461735824,879959.8159469131
2018-01-30,87.35431704649439,88.29064109191151,87.12948208009817,88.06397957639376,1665581.9578720503
2018-01-31,89.13826994171225,89.7977774233576,86.55558881502617,87.20076124753496,754846.2932576321
2018-02-01,87.35545453484447,88.13628861726261,83.59414596004254,84.34809853777409,717975.2978650959
2018-02-02,82.16601590589372,86.78488224289673,80.83515360584569,85.40161222762376,1472668.7597209523
2018-02-05,85.19499132734032,85.80155990875076,84.53290208802342,85.13907254064019,1265389.758565873
2018-02-06,85.12072957716931,86.36647669510508,85.01787681754777,86.2622446243177,497125.4901362983
2018-02-07,86.5769800907337,86.68053598320625,86.17395644366579,86.27715370976405,1273937.6991580934
2018-02-08,86.17909016961629,87.45521026949388,84.6987566864839,85.97180739075824,1275464.461682839
2018-02-09,85.89054386333753,86.72951557833804,85.29340985065153,86.13071185360579,774027.1211596874
2018-02-12,85.91493633373872,86.08490064551287,85.79485759310576,85.96475227977957,1078131.186598664
2018-02-13,86.18100135434169,86.66415868084987,84.78653779828251,85.26455725596219,1099259.739116596
2018-02-14,85.12031344667528,85.20080941309581,84.77381125061784,84.85405542406464,814195.9818628721
2018-02-15,84.66051795894235,86.03346824570966,84.31068148380197,85.67942143017123,782835.5159202582
2018-02-16,85.4390833082575,86.49471656066562,85.34614186969512,86.4007290348355,756432.8613771884
2018-02-19,86.58248854097754,88.25016017644326,86.17143047255877,87.83316441303732,886501.5503627794
2018-02-20,87.65622846781808,88.36443715270659,85.30519278682574,86.00002032342225,582308.2113412976
2018-02-21,85.45527065778452,85.71492175655949,85.33608212271568,85.5955375845289,970825.9673560932
2018-02-22,85.79697994851261,85.90372641346049,85.06393395187706,85.16990021984928,545182.9637758572
2018-02-23,84.94413171409623,85.4044430181891,84.91458195917387,85.37474346514117,1017054.4133747522
2018-02-26,85.48994331880445,85.70731155849273,84.6940970454068,84.90999068729188,954551.3436424913
2018-02-27,85.02994940690864,85.0404657252322,84.37242868975927,84.38286497809477,654185.8583065757
2018-02-28,84.76674007801763,85.84732457391434,84.16246337436189,85.23967644851066,1384938.0501678411
2018-03-01,85.57619876110427,85.97755328511751,85.05071627903348,85.45148589657616,2130165.6076181117
2018-03-02,85.26576498765142,86.18019129776006,83.32176020890097,84.22502518292642,1670712.3403748842
2018-03-05,84.1720582022015,86.59339640271165,83.26826809176825,85.67348485495958,573637.3990781582
2018-03-06,85.25563157903063,87.47424203372964,84.57042137250232,86.77680595788344,1636595.4745649707
2018-03-07,87.32694674362759,87.85731970108391,85.64872356415587,86.1720825498572,1076402.8415401161
2018-03-08,86.31592047086733,87.93391968742543,85.48956155204945,87.10005374646957,966374.9665079748
2018-03-09,87.55910651211038,87.9537059161315,85.92858644493961,86.31759075557609,778974.5638784512
2018-03-12,86.21351830600003,87.60062738558473,86.18470198624912,87.57135721682043,984100.4106841632
2018-03-13,86.89311373319458,88.36803672885803,85.8825656503978,87.35215015198486,1712708.9545726203
2018-03-14,87.85786054690793,88.4511114551204,85.90960069425854,86.49363984652264,1224754.9557232999
2018-03-15,86.52408141101401,86.98263311328616,85.65216584360253,86.10851516932904,837072.5757858623
2018-03-16,86.15186153926811,86.30450825425058,85.15085430821121,85.30199520193513,756216.2374093306
2018-03-19,85.31987714954928,85.61104525157744,85.23813262462029,85.52910027107767,836334.7758806228
2018-03-20,85.73750382555606,86.2115581398031,85.26435804323876,85.73840737123349,1245269.0091833198
2018-03-21,85.91117492700417,86.13982949234548,85.56916403262458,85.79751609236692,2069845.2179655668
2018-03-22,85.28173033134901,85.53089077486813,84.96926169098472,85.2182366303091,648273.4482277178
2018-03-23,85.56831920709571,86.13174322968882,80.86022034335382,81.39617289661247,985719.828483504
2018-03-26,81.23344101008568,82.13947208907943,80.60694439570841,81.51083612057161,846643.1203584323
2018-03-27,81.36694702337894,82.07392962696244,78.913867401272,79.60554550744907,731623.1637140403
2018-03-28,80.12529544329382,80.3803228373498,79.61562785155513,79.86984217426901,1155260.7110782776
2018-03-29,80.14774006443018,81.19803813936085,79.98664236422918,81.03515672345216,1227675.8851679622
2018-03-30,80.93157586470052,81.94008737239466,80.32911435057316,81.33462552243455,562062.47969552
2018-04-02,80.76394089701841,81.52591385596098,80.19519058486696,80.95581235969102,654006.4765680976
2018-04-03,81.00527081216914,81.05051740301265,80.74666090666312,80.79178825393312,1584563.5067300405
2018-04-04,80.95627448859581,81.06237793692101,80.56993034947385,80.67566602487697,1118733.2856113939
2018-04-05,80.65110870617643,81.49033764178088,79.30451841835249,80.13841240471362,1213221.9507913247
2018-04-06,79.76099374256826,80.03137322378166,79.30036283080115,79.57009519054527,808511.2542172784
2018-04-09,79.33229840138372,79.59161929842601,78.41084808935742,78.66799752404593,848277.7200223812
2018-04-10,78.29477374278613,80.48041804534863,77.69983847533929,79.87348667705277,1183225.965194859
2018-04-11,79.93851346933057,80.40360714156014,79.41211788785678,79.87685280957382,809900.54565725
2018-04-12,80.49532030392454,84.39768463560584,78.48265400290671,82.33892180864046,635230.2497578922
2018-04-13,83.13671264716501,84.86131776531082,80.0173718786526,81.71243141305061,986485.0179209633
2018-04-16,81.14707100892925,84.00915293044754,79.07547874503803,81.91788272178981,1412231.6649095411
2018-04-17,81.99065136601456,82.68841852366492,81.06587092784692,81.76168954580604,655560.3368287246
2018-04-18,81.93291381120746,82.45492014634665,81.73820282261762,82.25943319472803,1499822.1493171814
2018-04-19,82.10051108355681,83.7644348743702,81.4842857810588,83.14040440031808,1302765.5422951267
2018-04-20,83.09373726274713,83.54454957913484,82.96141908696397,83.41172504072931,700632.3009786735
2018-04-23,84.08130935848384,84.3203373298949,82.491134684607,82.72631063946953,989279.919429801
2018-04-24,82.79044769597024,83.08258629002535,81.64776175205455,81.93688843338477,970191.1715808383
2018-04-25,82.21033403859049,85.02071593679298,80.90076369852618,83.68761326252421,1267990.1975059246
2018-04-26,83.55007107030588,84.70928458941064,82.25542147337148,83.4127294493485,1284542.6949192677
2018-04-27,83.42589433808145,84.07029965399241,82.48506205127707,83.12715985716278,588703.5072245884
2018-04-30,82.58853291717024,85.23681632937765,82.06105392588066,84.69587808094877,578242.9245548248
2018-05-01,84.68785272268939,85.96863495635107,84.60551926465232,85.88513749907767,1483152.0658840248
2018-05-02,86.27216917745534,87.41596262961136,85.34381370967002,86.48531356288758,1031651.956828628
2018-05-03,87.17140942131056,87.44212383565012,85.80441074587934,86.07170999821513,1163733.5356376704
2018-05-04,86.46100183785802,89.07818274594939,86.07556171170494,88.68283775289471,1125954.1826879645
2018-05-07,88.91306473762826,89.28228342481937,88.77535718842758,89.14421786826392,1809500.1822564434
2018-05-08,89.1620633254648,89.96899073511999,88.976402921309,89.78203936709276,611615.8921680825
2018-05-09,89.5784433163735,89.85707658155536,89.3314885937189,89.61003476587526,1518733.0572227947
2018-05-10,89.55575174727805,90.23807063461294,87.37757791755763,88.048412494598,713308.6846932515
2018-05-11,88.25235924960494,88.33710406736625,86.51759141209617,86.600750263162,1315906.7106988388
2018-05-14,86.34375722410361,87.35904541503477,86.05379818190723,87.0666587297185,1677523.8637067312
2018-05-15,87.37373247758266,87.54495844768824,87.3471866978886,87.51836872478785,570569.9253472593
2018-05-16,87.19283461747752,87.4845400784237,86.98340853399405,87.27491684388677,1157075.7468153525
2018-05-17,86.68800089532836,87.18817391569202,85.5202209826636,86.01651968615478,883907.9203292088
2018-05-18,85.68747426436708,85.8258221165416,84.3519909782273,84.48840285369468,879306.1268867343
2018-05-21,83.95658661981216,84.31932817047914,83.79781991111794,84.16017646174586,1003259.2258942197
2018-05-22,83.72364253928555,83.85213819370522,82.5231215250558,82.64996934936455,650588.4913945143
2018-05-23,83.00363369874957,84.10091116212847,82.51750902040902,83.61122800599594,673696.4367811271
2018-05-24,83.54797586006835,85.11536119607182,83.29113948240024,84.85450838261409,1279672.800939978
2018-05-25,84.92461142330171,88.43650528246543,84.45913050691055,87.95441767261073,1378236.3270327724
2018-05-28,88.33941683477603,89.83721205972444,87.46258989022066,88.95428217139002,787999.166761596
2018-05-29,89.37761177847213,89.6919950588304,88.00272442262803,88.31336424167566,554649.5241318855
2018-05-30,88.14493367025362,88.47246401275054,87.0449679917526,87.36961740176267,2466000.3120710556
2018-05-31,87.80834414079244,88.25541668748994,83.24545560118177,83.67146540114821,1523824.049414593
2018-06-01,83.79309383209743,84.24289871028313,82.62057146312748,83.06647582506304,1137253.2014041978
2018-06-04,83.06752024323744,83.70141494100186,82.2685825216992,82.90120807841856,656406.2348658292
2018-06-05,83.03973407835566,84.3759540452102,82.6066775220358,83.93821188016217,783517.0074295088
2018-06-06,83.48592239728636,84.98972492802987,83.10889625641406,84.60763309174256,1085762.2617221316
2018-06-07,84.35624832327831,85.86837301504657,83.751748238866,85.25741513498103,674856.1326454338
2018-06-08,85.2225670169872,85.51494266759083,85.21519620543309,85.50754720839511,1858739.6429477287
2018-06-11,85.7045974899005,86.4927219039948,85.45648005330602,86.24304564349215,1041244.5714545635
2018-06-12,86.12177539914498,88.7697158069181,85.22143613251961,87.85129568882391,1152124.9310991056
2018-06-13,87.80901991704746,88.61731987772812,85.90307596123635,86.70117801092788,656887.7597484982
2018-06-14,87.0188613886154,88.02192761485016,85.22971785925351,86.2236173087063,689246.2707191497
2018-06-15,86.6836833021987,86.82334000258312,84.61198797018031,84.74852692632629,722480.1374584631
2018-06-18,84.9942544648457,86.52101223067359,84.98850547842275,86.51516037062163,1100205.4407173381
2018-06-19,86.92993003693226,88.0347689578162,86.85730758882418,87.96128490180021,888295.9716742097
2018-06-20,87.82685045644365,89.24163120829294,87.41001391336862,88.82008067798198,880111.6213930419
2018-06-21,88.71720786310598,89.87592440756039,86.36683050858012,87.50977705659885,1117173.7879505632
2018-06-22,87.61507439124918,87.91072000982038,87.42612755066087,87.72154356247019,1078178.4874195857
2018-06-25,87.62172116411412,87.92219388735144,87.18343438561406,87.48343289020214,1771420.3596677792
2018-06-26,87.31574728751967,88.56414194480504,86.3481004656843,87.59341793327334,912754.3870523197
2018-06-27,88.14039666290924,88.27554332991838,87.27284834228823,87.40687028500646,661538.138118594
2018-06-28,87.34040676321865,88.47538177181966,86.87086751874484,88.0022842948205,981927.733448255
2018-06-29,87.68097121587994,87.82482078487313,87.44275960337542,87.58645410741977,1756816.8362645493
2018-07-02,87.74780496130823,89.21424109173154,87.09520912243967,88.55563726214162,793044.7022836689
2018-07-03,89.17009404435612,89.18710844840439,88.82956929076039,88.846521954532,1005666.2626071731
2018-07-04,88.87365833487289,89.7217510116366,87.69523723593514,88.54014732462142,856814.561002014
2018-07-05,88.9522266542658,89.13889684839539,88.2509285097242,88.43651646313748,1157206.2956077275
2018-07-06,88.29016210483314,88.8781292202348,87.38209706610778,87.96791820269276,1091639.9480513257
2018-07-09,87.80456241647046,89.25235611580737,87.4523263527428,88.89574268225905,716811.6326361704
2018-07-10,88.31630278387264,90.44951524022524,86.0304489083863,88.15988316909271,901781.8437974037
2018-07-11,88.04041758394771,91.43853195051096,85.63196916807675,89.0037309721746,1429467.2786063016
2018-07-12,90.54811020042554,90.92873051612277,87.5617648193276,87.93138569500182,1518642.736243339
2018-07-13,86.9713153770014,88.16237717758811,82.78352469645785,83.93297681245144,1418866.5936127945
2018-07-16,85.23145796783176,89.04206624307567,82.60831231370993,86.38346556115096,1385720.608695769
2018-07-17,85.560323220339,85.63466708651391,83.49921627250335,83.57183232729001,865476.5525602385
2018-07-18,83.38719621055084,85.71770746757157,83.0761468564392,85.39915314945125,855047.3429777392
2018-07-19,86.07359183276313,88.0691909598576,84.57025713120957,86.55740610799,1422436.139353899
2018-07-20,87.0728945735757,88.42676584816383,80.90008970231202,82.17784933307132,622110.977461291
2018-07-23,82.39684792081331,82.90185465434202,79.29867339400059,79.78768870301384,964565.4378887761
2018-07-24,78.54419404970066,79.2803438159904,77.78884478333312,78.52481290121331,475304.9665637026
2018-07-25,78.79358690488006,79.6479727226745,75.70922456369601,76.539164912599,849993.5752172053
2018-07-26,75.7997630249612,76.46986431567636,73.10737228955121,73.75943624673114,747514.8872599795
2018-07-27,75.54986613481336,77.77473209635563,73.2931061422608,75.51700435823467,614345.6092127833
2018-07-30,75.3647084536384,76.24619890364751,74.09047406164196,74.96731648430423,1239400.2286081577
2018-07-31,75.101000836077,76.06434854070679,74.94002015469401,75.90165164633662,739008.077299813
2018-08-01,75.07923374636465,75.54211022599792,74.43546751256497,74.8972218573785,854142.3588099777
2018-08-02,74.55831254582874,76.13581298701044,74.06858398991965,75.63898613850486,891811.5067163713
2018-08-03,74.7162508863026,76.77354403530664,71.85354648107544,73.88803491182918,738887.6148332218
2018-08-06,74.1621480706707,74.87971547783975,73.16609656477206,73.88094312976519,1726235.0486514778
2018-08-07,73.8077889740851,75.29850555038476,72.9588257323547,74.44224457636443,812763.4012642141
2018-08-08,74.60055776854345,75.1403612223421,73.9631739580696,74.50226618209422,1066376.6305947022
2018-08-09,74.30949182738293,74.61586462621253,73.78659966932156,74.09207607833734,590676.0661792402
2018-08-10,73.95173527632008,74.37355733299297,72.68504295761782,73.10201821254778,819474.6179617738
2018-08-13,73.45794208461237,74.0171502102867,72.7162072866455,73.27401524536556,869169.9699471116
2018-08-14,73.00490503932109,73.94463506352612,72.67369263361111,73.6106743723688,874869.8069827262
2018-08-15,73.10947265866659,74.22305130684919,72.27852854256153,73.38893093732709,784547.7919542745
2018-08-16,73.50161549281991,74.35962788036241,71.84971453975939,72.69835010409345,1044246.1854061469
2018-08-17,72.38474148603945,73.70455996303443,71.90017718969965,73.21444141652074,1821157.4321850676
2018-08-20,73.09283026402028,75.77601718279894,72.88171175459479,75.55777901056518,936990.4192045759
2018-08-21,75.8181104159924,75.92281259972943,75.18435478213219,75.28832535104914,934580.5336543194
2018-08-22,75.0553829966229,75.82514217984003,74.85816142552827,75.62642010563295,846791.0998689911
2018-08-23,75.87751715347004,76.19545014532426,75.68733827837036,76.00495186875087,2673701.0921962243
2018-08-24,75.80925506753573,76.10327811733097,73.31873519569159,73.60420605439599,1860665.1064194147
2018-08-27,74.01890954493868,74.35079414771462,73.40609145942608,73.73671074449653,1228686.5600951537
2018-08-28,74.10601505570648,74.67899259111911,72.5354692609672,73.10067363452076,1301930.8550429766
2018-08-29,72.97042963947307,74.63572338979222,72.74400556043736,74.40484837162973,746979.5517966994
2018-08-30,74.34488351880461,74.75396141501588,73.77660319166999,74.18480024002999,929770.6119513576
2018-08-31,73.95153201515622,74.55621204806464,72.87830721002148,73.47912450498501,1072441.0275775967
2018-09-03,73.53467005276511,73.60136455354504,73.22809918742169,73.2945759275479,1034793.0327859274
2018-09-04,74.09045537746383,74.73789187969051,73.05364387020632,73.69764783935943,705384.6177516571
2018-09-05,72.69015920950595,73.16516407089662,71.9533156452503,72.42659822746172,726999.042616904
2018-09-06,73.05446969093568,75.64321225051044,69.76093013941212,72.32378014038862,1208963.6839204913
2018-09-07,71.41900779991174,72.03447062327447,68.7230097588932,69.32038744146831,1116327.2236069571
2018-09-10,68.7572566091384,70.30682210787971,67.2990341689891,68.84670267151827,431740.39528079284
2018-09-11,67.6837295230567,71.76893586301222,66.53016061668734,70.56623885508611,1023946.1093635474
2018-09-12,71.9697918868598,76.93359376221315,70.21206740283151,75.09943376257529,1626618.0896220594
2018-09-13,75.1410898391502,79.06340614989924,72.93427843851948,76.80764971349112,766623.5471637481
2018-09-14,76.98528240410582,77.8622007558372,76.61229961886048,77.48678824584671,1085214.050895807
2018-09-17,76.99174905905637,80.98838225309746,76.47610601858334,80.44958079769107,558047.99598992
2018-09-18,81.26066440866565,83.23320867868128,81.12413371251614,83.09359836521747,1369270.5012433284
2018-09-19,81.4422666289173,89.25912087171177,79.88573603429934,87.5851863433434,637713.5869145731
2018-09-20,87.6072547129409,91.91336898222967,86.38136081711117,90.64496816851208,604389.7967985463
2018-09-21,92.53505977976103,94.66953593293756,88.24696415892713,90.33059053644602,872187.5835278733
2018-09-24,90.00449068300769,91.7566030543525,89.34642710016412,91.09059844589592,2503211.511519496
2018-09-25,91.10535777006515,92.7651650328843,89.97457218488691,91.62789381132141,777230.71612022
2018-09-26,92.20991462589458,93.07638904655649,91.66146539960755,92.52605944350825,601968.1896716963
2018-09-27,91.81661697793179,94.38466280008107,90.58351723951439,93.13387228597149,1183910.1235766392
2018-09-28,93.15397676873951,94.08419104265246,89.98076150433286,90.88835176593798,1080704.09990809
2018-10-01,91.71366808207374,92.52884809972335,84.32543926324463,85.08167200738228,1892975.065402583
2018-10-02,85.23795234757849,86.16975456255372,82.4095956960743,83.32043605213416,600580.7430588022
2018-10-03,83.61251569160272,85.86556709944573,76.08124679321496,78.18813087494952,528609.8473440695
2018-10-04,77.92996580024453,79.81421782514163,76.4982428028292,78.3743309866405,872909.4570811518
2018-10-05,78.60805497414081,79.08262993583675,77.9308513582671,78.4041955737352,1146002.5821446148
2018-10-08,78.44550956289814,79.17701686127737,73.6976647163838,74.3913669842202,1136445.0729485413
2018-10-09,75.41417916321724,76.40796350666768,75.04876948068173,76.0395237973287,1511815.6896178923
2018-10-10,76.56000557214446,80.54065409360493,74.23098890194531,78.16287679733537,549860.5780300638
2018-10-11,77.98290077327925,79.30778475767566,77.09793177533909,78.41787951477451,714812.1879640623
2018-10-12,76.60484209333393,83.63602252858465,75.706578932246,82.66667868448026,938222.2036745367
2018-10-15,83.22574836339267,87.93981343549997,83.00523970118144,87.70743044665221,1373239.6230521186
2018-10-16,88.33336240645572,90.25736254070824,82.61883155284727,84.45843132328326,1190728.453187198
2018-10-17,83.72668634433268,87.2902386380047,83.71932407883804,87.28256369665633,837409.8508630762
2018-10-18,85.63442391928528,89.27337311695716,84.90955575442429,88.52404522669161,661993.0619091932
2018-10-19,87.5689537651099,90.52013356932547,86.78751160555123,89.71950050006038,1396579.082649512
2018-10-22,90.50469516883253,92.54573093966565,90.38294399300217,92.42140132050423,1433855.8199236693
2018-10-23,91.49152747718064,92.54079769449694,89.33650905192651,90.37295087798421,2863582.1070890687
2018-10-24,89.98054208061217,90.59458575040559,88.11806385387146,88.72352943959002,921513.0356135876
2018-10-25,88.79743713729526,89.60439425257775,87.02704811180462,87.82516963220412,1867841.328162106
2018-10-26,88.23159606101662,89.51259778325603,85.75121836488746,87.0145502517468,614889.7824584238
2018-10-29,87.0085786415872,87.56554694352944,86.37086717617868,86.92731528673902,798421.4864564821
2018-10-30,86.89433259194247,87.16299488786568,85.10812660860962,85.37208236927799,757724.6343607319
2018-10-31,84.92933084286429,86.95019788320289,80.65957871514213,82.62562990747,823894.1911145337
2018-11-01,83.89874383587026,85.13784370013292,82.92637141823411,84.16241537344814,700892.6929959359
2018-11-02,85.01012314455646,86.63904744814133,82.38504546172737,83.99450904188653,798534.9301861367
2018-11-05,83.91901211555249,85.15883141518071,83.79584181285975,85.0340245772268,967269.9226464336
2018-11-06,83.91187885686783,85.12071800345801,78.98615777880515,80.14066866372856,828345.9135850198
2018-11-07,79.54221549659424,80.09490104338424,77.6615206540114,78.20491419027478,1280024.972840141
2018-11-08,78.63313198681705,78.84937833491504,76.65559202546851,76.86698134170797,956307.1264921485
2018-11-09,76.34295428704053,77.09105924457842,76.21703337792745,76.96411378814707,987596.9857302855
2018-11-12,77.61301261685166,78.07909609481104,75.12007331279092,75.57391153324885,1760836.6173641754
2018-11-13,75.8320313648157,80.4864547876819,73.26068918672367,77.84679520916386,1118125.6669871053
2018-11-14,78.0620646195662,78.07246719869451,77.71218234875714,77.72253968266884,1050012.8203807354
2018-11-15,78.20243538692448,79.39701170695164,76.59455453249713,77.7827195093739,980841.7938803253
2018-11-16,78.14917041646676,79.29080031492772,76.69739192194409,77.83442389521684,1012799.1914273408
2018-11-19,77.20546974068856,80.637414566994,76.20765030217913,79.60853738586013,1237292.522655128
2018-11-20,79.36343827142713,80.89191818768253,76.94244379619906,78.45339700456917,721717.8896859204
2018-11-21,80.18793758270802,83.58405660988093,77.93091389055708,81.29584889970138,1547998.3557181973
2018-11-22,80.3680054083155,83.72254863932858,79.17910899853898,82.50208249513088,1829683.5239748538
2018-11-23,82.13214081506719,84.30671838635843,80.76169211825344,82.92307228603254,1553273.0965849222
2018-11-26,83.75809921195177,85.26130613936235,81.56139133695949,83.05192454491561,815093.2332031894
2018-11-27,82.926942146936,84.44478392223347,82.92646638332697,84.44429945333073,529424.271464968
2018-11-28,83.79628807363805,87.54610693803801,83.4727536277125,87.2093946108746,832795.7288701384
2018-11-29,86.11903150453571,94.11681798375372,82.04651620624206,89.86706072098626,1049717.2625363034
2018-11-30,90.32223628687824,91.78109151184553,89.50582670274552,90.95892697301221,1367225.3885541013
2018-12-03,91.83550524382532,96.16147652759291,89.24962178906208,93.52793793463613,920160.3571589488
2018-12-04,94.76510219392517,97.43180751452826,91.25725866851491,93.89960886674594,877556.6837365777
2018-12-05,93.94733368544615,98.52546470335027,93.15475848304243,97.70122029520314,1793735.5634101615
2018-12-06,98.66594234937898,99.11334952725373,97.19985701289043,97.64262388616982,760185.9446249988
2018-12-07,96.68959522862734,97.56601593350497,90.65724605047527,91.4865045306452,1500650.2558852534
2018-12-10,91.63175332770166,97.89923437608955,89.27733253978136,95.44678863387868,1409115.1226108014
2018-12-11,94.83586186326026,98.45380743689329,92.20304181453277,95.79437721778483,586959.6211286931
2018-12-12,95.95173122558055,96.01635538984162,92.28511378179155,92.34731034329667,1102287.0430093254
2018-12-13,93.0023831472583,94.26150160719806,90.55162895337756,91.79439296424422,794525.2047351435
2018-12-14,92.72224721877346,94.64048710350339,87.44815942713736,89.29550683155601,681588.5591192632
2018-12-17,88.46026036599513,95.4845539629833,88.40496855365667,95.42490891859262,478683.27597566677
2018-12-18,96.56777758148044,99.83352858249854,93.70138060521823,96.955619395529,534915.6327208979
2018-12-19,96.52101306186896,98.52218587419722,90.38973453773134,92.30346480634927,1162733.2937581537
2018-12-20,91.40883527449171,94.72545404565369,90.63219840688575,93.92741853959076,848880.1712061685
2018-12-21,93.86685194679313,95.41257241495278,91.93966384087786,93.47899744693807,1100057.7391920716
2018-12-24,92.96225211925476,95.86536631133728,92.88592736218386,95.78672258052279,651702.9030982704
2018-12-25,95.78838006986307,96.02155013305364,94.3170761606049,94.54722497830707,871728.696314989
2018-12-26,94.6507521780084,94.83467830056182,91.75138027286351,91.93001944512285,888616.4522239588
2018-12-27,91.86039829209962,92.06618689927564,91.82253087720308,92.02825029110969,539556.197007919
2018-12-28,92.21474664900188,94.0059022301159,89.86729640605424,91.64743262511328,515269.49577748316
2018-12-31,91.53842876410133,91.66209944063388,91.06619241279965,91.1893915314162,1174551.6265148125
2019-01-01,91.1907877731131,91.74778981132212,88.2410929273882,88.7833903523033,1047189.5642835955
2019-01-02,88.29994714779019,89.41994230205644,88.16485527918938,89.2833459118686,685752.116880762
2019-01-03,89.29774603279212,91.38869812754169,89.12017250970818,91.20732729615362,949920.784321177
2019-01-04,90.91394841431696,91.09134243413412,88.88722563072422,89.06100413014214,1281422.6942053412
2019-01-07,88.90960012692923,90.45606106323766,88.86081819722659,90.40645785429939,2025756.7912078716
2019-01-08,90.37444731690555,90.81511324510726,89.34459164534844,89.78237060670484,698021.1609676883
2019-01-09,89.84717800002146,92.63957665628125,89.71275362706254,92.50118151022036,1258638.743965037
2019-01-10,91.92547163297247,93.73696170622148,91.22974470297265,93.0328536876771,2266964.860203124
2019-01-11,92.48310435544688,92.91264842465529,92.40579200386212,92.8350418667201,1014365.4510352027
2019-01-14,92.72908381049264,94.44078798450619,92.4519404981773,94.15936991595969,1756529.762823447
2019-01-15,94.32819863727705,95.08738047570198,94.0502706587477,94.8080386995971,358775.53417804383
2019-01-16,94.93712786272417,95.62425104977208,93.4441628395276,94.12541109200532,1743992.6951046528
2019-01-17,94.44302720781239,95.45906766897,93.98068634852035,94.99402940746636,984425.4244873628
2019-01-18,95.46117269279091,96.05697013374679,93.81803995487508,94.40725965671281,473711.09794945124
2019-01-21,94.58439992642782,94.77494140207291,92.1397727922901,92.32576421759667,1341658.7599218248
2019-01-22,92.31883310793114,95.92591337047607,91.1651609552755,94.74196034958449,1491363.1819384783
2019-01-23,94.37260464426,95.30012009659416,93.42078965146948,94.3480639118967,1587335.1018362131
2019-01-24,94.01069409577197,94.04401902576296,93.61601303874465,93.6492098297194,1581727.1604774685
2019-01-25,93.48384982276863,94.60403038773887,92.95525264572666,94.07210695636756,976902.5679419603
2019-01-28,94.16721426507017,94.56694836346976,91.87198950974845,92.26364306415323,737188.7611254482
2019-01-29,92.45608239471966,94.56455016182815,86.41708573784867,88.43382564356412,824961.7645234324
2019-01-30,88.43737181560168,89.20940464762585,86.31360239566145,87.07373103569572,975011.1895556673
2019-01-31,86.94807550274575,87.28565984501547,85.34769871995037,85.68036103776616,1158921.1353582598
2019-02-01,86.19081289387802,86.88870975273902,85.19953367284535,85.89503558907833,818427.9220738859
2019-02-04,86.06412481440977,89.04218747032525,86.03064798822533,89.00756571807865,1007417.1041141351
2019-02-05,89.25806751958432,89.71628054405942,87.25913246099653,87.7093952595716,1393995.9684281035
2019-02-06,87.9650205055613,89.82236588674176,87.25447022262358,89.10262642606004,1122867.5396909376
2019-02-07,88.64268016242164,91.50551806672141,87.98201551443418,90.828561777897,2430305.623232961
2019-02-08,89.94384626193043,91.12389035098447,86.64853525858015,87.80045855787661,2303658.976900646
2019-02-11,88.20791602810547,88.5369469341972,88.12677624178453,88.45557932991734,630039.2716739106
2019-02-12,88.80389117522881,89.9424983779464,84.78705380878623,85.88827821358207,791078.3894910071
2019-02-13,85.70971211539596,91.31389852144909,83.31929197393485,88.83627928718263,591385.9717504294
2019-02-14,88.48729639650821,91.25639067283133,87.39165935754717,90.14028654642341,625888.4979873456
2019-02-15,92.08092431448547,94.17566904959929,88.1564800631244,90.20863210848947,1224544.363592281
2019-02-18,89.56148880893201,92.04625976167293,84.10203582801392,86.50192297163538,669582.950507891
2019-02-19,86.32410974570072,87.18190856450039,85.98342956131152,86.83919558141793,655332.2802855814
2019-02-20,87.05706016979887,87.19876174458422,84.64855759809606,84.78656351682957,889022.3771908631
2019-02-21,83.8618427799844,88.44516237337255,82.18724143137894,86.71361519839974,1353360.7000849508
2019-02-22,86.80967443929465,87.3067278257235,85.91413220500321,86.40889079110195,859727.9938678005
2019-02-25,87.87673006613475,88.9540332823083,83.21330080538046,84.24609514330865,859042.2023025432
2019-02-26,84.54345774412909,86.05028562879872,83.75429581706535,85.25448667767226,1417519.198091144
2019-02-27,85.4582016484079,86.35648238834176,85.15732647401724,86.05351128999328,1189576.7842144058
2019-02-28,86.24619948127871,86.51277866310666,85.16894615553397,85.43301184812736,1182277.471167191
2019-03-01,85.46916581391694,86.95443012693507,85.23180191279278,86.71361017046753,1434195.941208502
2019-03-04,87.02772024248422,87.64585645878532,85.79506022685439,86.40880040977069,664180.13750066
2019-03-05,86.35789680360021,86.65266159110914,85.79953156355975,86.09339352392821,1075642.7860095361
2019-03-06,85.95581124150777,87.06216633863583,85.14472005930259,86.24831504916477,770524.9914776201
2019-03-07,86.28157973538099,87.09066559653448,84.65336042537898,85.45469233831099,1479376.0320200832
2019-03-08,85.74722181501936,85.82024207108194,84.92838213659685,85.0007667295986,1361807.6171730007
2019-03-11,85.10692345129623,85.73078419946806,84.22730929932895,84.84928144989634,655724.2898570165
2019-03-12,85.06560618430649,87.2547976499986,84.34477073529925,86.52162408498563,1671939.8244644364
2019-03-13,85.85969459384057,88.8340093320638,85.23553045779826,88.19288388391398,624476.7775223062
2019-03-14,88.59057497420943,88.95356006025062,87.56638271945333,87.92664747343817,1565371.138755662
2019-03-15,88.70450313140289,90.99637430442274,87.47288091763734,89.7502326062417,1071329.2277702815
2019-03-18,90.2030640894724,90.77364389559408,89.15511859254461,89.72265959833082,701656.1992653636
2019-03-19,89.61494839647297,90.3534069022008,89.43801649358822,90.17536852988887,636725.3197785292
2019-03-20,89.88619287931643,91.88589136214704,89.21666145893452,91.20652523888407,876866.7958748578
2019-03-21,91.30217500166492,92.87426124410682,89.99619882950735,91.56453234169216,979037.3549494916
2019-03-22,91.22295835133497,95.01163272197017,90.64746702352643,94.4159977100115,747429.7096322841
2019-03-25,94.6749600786353,94.76708076231303,94.6363624214099,94.72846129339058,1233267.4931107138
2019-03-26,94.54034336990551,94.54969333799687,93.3228961718641,93.33212664824015,569738.2293155016
2019-03-27,93.6710125585278,95.54626268033996,93.03558662601291,94.90248295508043,985480.7206123923
2019-03-28,95.39107800514005,95.59029328357563,94.23633818197587,94.43355376124835,988591.7303860199
2019-03-29,93.70819166991937,94.75243429263949,93.05307920020135,94.09462030650153,473303.00199085573
2019-04-01,94.19874511842002,94.77342591604308,90.08268966659887,90.63563289038639,1116222.6310264117
2019-04-02,90.39642235323565,92.06669647643744,90.14146111801317,91.80775460784942,601178.7538598378
2019-04-03,91.31855998754855,93.49875103976922,90.61253412435194,92.78141516913868,369853.010837482
2019-04-04,92.56492486973826,94.67118410720613,91.64785855883639,93.74245171221315,776144.3912564747
2019-04-05,93.66488055667773,95.72230095785507,92.88089247518002,94.92774254581111,903133.6703510683
2019-04-08,95.29862243877695,97.45610116063071,94.84551495312324,96.99492840695456,1410674.1009499505
2019-04-09,96.4371708117595,97.1550475309124,96.2449816927424,96.96181285558797,816009.7829311381
2019-04-10,97.34691591873741,98.13957150832273,97.34472630130504,98.13736411139395,1764999.2203706957
2019-04-11,98.88591282780163,99.37947403588358,96.75974496526624,97.24511660068902,1741089.312037426
2019-04-12,97.46470725486034,97.96712073651291,96.33649596420928,96.83566685285179,1519587.1532823732
2019-04-15,97.03548376216693,98.34418530030176,96.8503564782968,98.15691850869062,1664055.490221548
2019-04-16,98.15193874085394,98.9040061888011,97.91446328517226,98.6652886994225,1134332.2059980314
2019-04-17,97.56979945579756,97.62362757447605,94.57761531461033,94.62982148178149,793466.3980105544
2019-04-18,95.10804683776306,96.97510436293874,93.87679659018477,95.73572827376063,1275558.7771337393
2019-04-19,96.08312629566322,97.13853508378617,94.16262945283253,95.20843029119739,1446716.2283552985
2019-04-22,95.86659695498945,96.64618513561685,92.05219622317026,92.80690293969627,1085580.1232758176
2019-04-23,95.05962899832683,98.14235466925264,91.05566293410236,94.10751203377194,897122.9851578068
2019-04-24,94.75467842924168,97.95264042782058,89.80158717623762,92.93824469736188,532627.8077885709
2019-04-25,93.3120978263409,94.71025856251093,87.14823019421267,88.47389676385075,1289704.500560911
2019-04-26,89.77967094887316,90.15197084322087,85.09702797901816,85.45137923834073,1134980.7046320534
2019-04-29,84.36519847035376,90.85423499765486,83.91287738367195,90.3697208722901,591473.8619695482
2019-04-30,89.39395157674913,90.12826175632492,85.47153060402334,86.17943573422005,1027562.120943408
2019-05-01,85.8738979107564,88.17553020826695,84.52008047935942,86.80700221976726,1313644.5069223838
2019-05-02,86.26979709569063,88.97565129369869,85.81808219824136,88.5121950384296,946387.8412422242
2019-05-03,89.09257427486868,90.65022266961228,88.78043673026549,90.33373668866129,1345722.3443437284
2019-05-06,90.06277725284303,90.94960210132541,86.0780826955003,86.93410027183019,1330361.9517901528
2019-05-07,88.36336898622821,90.39112962508017,84.10328078584381,86.07861084536763,551867.6333749264
2019-05-08,87.31529171963122,87.74510927061215,86.05619909034559,86.48191426418398,877317.1271371405
2019-05-09,87.11119882677605,89.51593011797115,86.32023365490976,88.71044388384811,1196103.5923414712
2019-05-10,88.38689209842454,89.07576588292496,86.26957515756264,86.94722842577335,1418343.312095468
2019-05-13,87.45409901784258,87.48436114876424,83.8095835709079,83.83859461275675,1723260.5144411933
2019-05-14,84.48111603231389,89.37135108586847,81.7261058681678,86.54890823609614,463545.20717884187
2019-05-15,85.67665494563781,89.92907292667999,85.39651073118894,89.63598256341227,962475.9506051398
2019-05-16,89.93139216824288,90.88272486347154,89.75866416864122,90.70850429248351,1310399.661460199
2019-05-17,91.31372486944647,93.07690991233245,87.2882858384635,89.00692874455447,1601606.2178568763
2019-05-20,89.18898260575153,92.63225177142834,86.75968751436851,90.17607075396828,1923029.4062883488
2019-05-21,91.51478820895036,92.10832273273934,89.92161698277432,90.50862587179624,683123.9419095152
2019-05-22,91.54700979281084,94.13560005826709,90.37970984044172,92.95040565013024,852801.8149679784
2019-05-23,92.22529765893387,92.93460515497253,88.69824072539944,89.38570885987497,651716.3588333349
2019-05-24,89.4908485799682,90.32882510718798,88.89862979781148,89.73499067897536,1364593.9399205057
2019-05-27,89.02653484003045,90.18432014459452,88.15277550936675,89.30780030744822,585746.9728700753
2019-05-28,89.79687562791581,90.27598956811164,85.8005453140001,86.26079237527408,1576684.0020689846
2019-05-29,85.55399038961377,88.93052594193844,83.52404960954493,86.86937501172078,1429985.9527561204
2019-05-30,87.62726439423365,87.74658802800958,86.8672256806171,86.98567565137597,1197602.2420715783
2019-05-31,87.30470662883576,87.75604371508098,85.44504186581896,85.8890605197056,419093.12811990344
2019-06-03,86.67696592631324,87.88838925155893,85.77963144857131,86.98783644662925,755977.3512262361
2019-06-04,86.86858301499468,87.4850138938557,82.6154789210903,83.20591905525035,1328021.7440098464
2019-06-05,82.06094925692982,83.59955748213352,81.55296879524187,83.08523639366351,564449.9903275891
2019-06-06,84.47156126193134,85.61545925792211,83.10119242546563,84.24198149543571,898619.0550386729
2019-06-07,84.10461490847159,86.58081254875164,82.55980922049676,85.01920791951562,947969.6819708531
2019-06-10,86.12518014484212,89.02424534070113,85.09511272369755,87.97208867339306,1404047.4787263295
2019-06-11,88.32968122700245,89.77331127736839,83.34157354670891,84.72631135430265,1104532.3729746896
2019-06-12,85.26583773020877,85.87575086918274,80.23756027717559,80.8156408130455,1100988.769495938
2019-06-13,82.21290315760179,83.21030470695189,80.45776718662891,81.44586305576826,830102.2033940912
2019-06-14,81.70770510497472,83.78458419626283,80.57758830718086,82.64155117316487,989893.3861858465
2019-06-17,83.73497676041988,88.9306945591781,83.20253781179916,88.3687909442068,936740.1795905853
2019-06-18,87.12936932775153,90.21259347795014,87.04301549592971,90.12327239176075,1317014.8110838393
2019-06-19,90.86508810715486,91.06851126214004,87.50084842661384,87.69717946311324,920156.1473027149
2019-06-20,87.49673720672183,93.38107330692236,84.18298475439535,89.97351805825554,1485919.1008110414
2019-06-21,89.85953803218133,89.87889456073763,87.61070559357353,87.62958177009362,504917.89518050523
2019-06-24,87.63679910790405,87.96362986105069,83.3310263298438,83.64296255670398,1587146.8442288735
2019-06-25,83.91684085480247,91.34965463707987,83.43544763809793,90.82861169614185,923410.4742832266
2019-06-26,92.25086919373042,92.29931276991769,91.73919425540026,91.78739444771087,1542453.5981745773
2019-06-27,90.17965172354086,94.26127472599732,89.83282751998826,93.90014179557123,1020762.942023697
2019-06-28,93.93921745405252,97.307589577887,92.26581849252854,95.60452542743758,1384342.4735154933
2019-07-01,94.95726686855645,104.40188875256955,91.99545309179707,101.24398581486614,1782196.5231393394
2019-07-02,102.35928013656142,102.83522561931417,101.70325581070337,102.17836005958598,793298.469560551
2019-07-03,101.7698671915669,108.88478213285264,99.19580604256677,106.19870262767309,1019194.4800739492
2019-07-04,106.65706379680115,107.09163123447796,102.4229519958037,102.84197509668837,923292.2417054756
2019-07-05,102.45569471302329,102.68258887807431,98.23530958225692,98.45334029793312,1072140.6326367422
2019-07-08,99.0748330045754,104.87266109384932,97.2759734794771,103.00248879619518,520635.82757794316
2019-07-09,103.990178643441,110.7646974656139,101.25491185859762,107.92590867728784,922767.6932943441
2019-07-10,107.52063859418334,110.3374060322475,106.89806284023204,109.7021984127623,894727.4254952591
2019-07-11,109.75306952276367,111.47651055999816,108.79560509323386,110.51242168987045,723612.922139649
2019-07-12,109.02921875570992,113.17465214992441,107.01204839999009,111.11882165275581,914207.147189983
2019-07-15,111.43948354110367,112.8290395808708,107.40595160527032,108.76212322799333,536627.9058446387
2019-07-16,109.64211446371299,114.26189779288539,109.57308541646083,114.19000546099043,1715499.9491226138
2019-07-17,113.59072669626116,120.41260245758566,109.88888419415387,116.61228933789454,1177957.4450496307
2019-07-18,117.84679747564167,118.6539868765912,117.70714888695532,118.51354818755493,2078558.1486371027
2019-07-19,116.1917562172511,119.9772415052715,116.16969415105471,119.95446498967941,698829.3563100037
2019-07-22,117.85604447679144,125.26786132475897,116.65991973939639,124.00928713228419,622385.3386798303
2019-07-23,122.38257576560002,126.6917047051624,121.73765342446977,126.02757422980027,1103501.4941303176
2019-07-24,125.45025702201394,129.2594029337299,125.24864549516313,129.05200302884776,510532.0869986132
2019-07-25,129.0610846112468,129.65956588449995,126.60581223109025,127.19564309031671,1079143.5037946145
2019-07-26,127.1577286158016,128.42038684984732,126.78603210124625,128.0460935434896,747479.4655014582
2019-07-29,128.01362313783957,133.12558729896372,126.58366918122863,131.65495843844167,864651.6401852439
2019-07-30,132.01501635690715,132.11783727365884,130.72693829660867,130.82883534710462,1090937.8336985812
2019-07-31,130.59537844959655,131.92238270464227,129.32127018226936,130.6477633621836,1004702.7334879463
2019-08-01,130.0238070628632,132.29104535457523,129.89059680491138,132.1556510082761,2059287.53973577
2019-08-02,131.53437760371895,134.09939521580532,131.23125030897097,133.79106727126168,1266463.8745892572
2019-08-05,134.8594054282507,135.71392405234985,134.0254766145812,134.87986870014197,592076.5593272789
2019-08-06,133.68076456761892,134.88607138236412,130.99846013537314,132.1903287229634,1453105.050889624
2019-08-07,132.10222923192717,133.703165652157,131.46394751443256,133.06025501698971,581009.3488192455
2019-08-08,133.79346628615005,134.46921712766033,130.45962210224872,131.12187955704533,1020611.3764833353
2019-08-09,131.36143271825563,131.45025260374953,129.7096795841152,129.79744197902383,602449.272078556
2019-08-12,129.39047147877858,131.5177303060069,128.60871600830714,130.72789435143883,710969.861807922
2019-08-13,130.7289744540711,131.57487395658745,129.42964112316574,130.27258751227603,1657485.8646396783
2019-08-14,130.69796738944302,131.65229830748717,130.68530526155757,131.63954495878295,791208.0672067873
2019-08-15,132.24066024678953,137.15251998869383,132.09177803096992,136.99828143856868,764360.4963595946
2019-08-16,136.53259820960017,138.7733731753346,136.14372371141556,138.3792390429176,789487.0837994205
2019-08-19,138.77697719183524,139.69740335288913,138.75817564514892,139.67847967037537,871275.5759450349
2019-08-20,139.81178357041668,140.1453287749206,137.81437542915435,138.14394170827174,1742481.3723745241
2019-08-21,138.72059013925858,139.12795888929472,136.65954644196842,137.06204468512558,618484.0953739715
2019-08-22,137.78234358799244,138.13365151014716,134.92484667662868,135.26974815614793,604523.2151987585
2019-08-23,135.09422582664507,135.14984082489946,134.3417837131802,134.39711172655998,1238996.764338776
2019-08-26,133.66075728616343,134.2229365046997,132.03504295352295,132.59273003286424,524534.2210796855
2019-08-27,132.79110485528443,134.03757731808543,130.29198661948516,131.52658943444655,852515.307361639
2019-08-28,132.40979020009897,132.9712864775271,130.65599381424823,131.21241249793175,1540402.0135876648
2019-08-29,131.55241755467628,131.96274275085477,129.19534405667758,129.59957815072033,985334.8019885994
2019-08-30,129.7123211950334,129.72442050232735,127.32150193100048,127.33337933533,814601.5706036838
2019-09-02,128.48894237164515,129.4476018250364,124.2635792520619,125.1976825272705,743626.0931673907
2019-09-03,124.70553940847088,127.28610386971111,123.37834055722172,125.9457063415091,685231.976456968
2019-09-04,126.37555678348076,126.47792969218742,125.9684332280967,126.07055906763813,779231.4068479596
2019-09-05,125.79874442460334,129.5210105801667,124.04588687401859,127.74108874587269,1038372.4005493347
2019-09-06,127.76505299266739,130.3168738351224,126.92329594019691,129.46392407633346,1608244.1199350734
2019-09-09,129.50778917100928,129.92146546779836,128.52833426492882,128.940197549531,1440768.619382868
2019-09-10,129.67835289418466,131.91025467517557,127.83782574365571,130.0642504734951,786417.12904259
2019-09-11,128.91389732497052,132.6854458668685,120.6871531580383,124.32443071392024,736337.6497581992
2019-09-12,123.69583351224465,133.94966679834417,123.39575444860954,133.62549893061316,1293704.441865941
2019-09-13,131.61417035369254,138.9556390260483,131.4529965647544,138.7856830530105,479549.7610926525
2019-09-16,139.42459673734353,139.67444597024317,137.63461612359043,137.88170048246678,825979.3809318402
2019-09-17,137.28468876697175,139.02236521467424,131.27030260835178,132.95315278130897,863811.59343096
2019-09-18,133.1651978380655,135.43652513967407,131.35797865581492,133.62309176111248,633066.1437758327
2019-09-19,133.08104122175897,133.21621926554903,130.4101127834793,130.54271250125248,662467.725653098
2019-09-20,130.36539079907425,131.07337759701818,128.59586935265074,129.29805970169556,1125872.7175703286
2019-09-23,129.8057850892452,131.93498291606244,128.43335933394468,130.55463958454897,510258.03506650927
2019-09-24,130.46862174124703,131.21573684280068,129.96373602117762,130.70991736018598,683286.1849777098
2019-09-25,131.01900626881604,131.32515920573985,129.6312105344517,129.93483007002516,758760.7322031031
2019-09-26,130.19429520267795,132.5201115683708,129.21611979172224,131.5318865697344,1011963.6811340711
2019-09-27,131.35630895840484,131.48594596216498,129.7246910764076,129.85284429415185,569823.1683636104
2019-09-30,129.08732470447663,130.87858038168142,128.56434255609446,130.35048070498732,1503995.0756722253
2019-10-01,130.83596612778686,131.02948933090175,129.37458188951183,129.56622698530467,866632.9252793328
2019-10-02,129.64982482784174,130.4897574213201,127.39020286464343,128.22087806838596,882906.3369544776
2019-10-03,128.6974044749862,129.79160098350934,127.91003193303965,129.0023627028091,847663.1613699287
2019-10-04,128.0210098354548,128.15041235267574,127.30024210901188,127.42904627464216,749461.887537373
2019-10-07,126.63212599733504,131.38070859593847,125.82692581821149,130.55059254384597,663583.3717200485
2019-10-08,129.49329611021855,130.2462167290662,128.8709569831307,129.62325303467364,1537455.9235265155
2019-10-09,129.19366409510397,133.7456356432973,128.41615967934766,132.94555187477974,1058350.9104476492
2019-10-10,133.46911810781322,133.77967807947533,130.85181207322242,131.15699212036478,935020.4888231175
2019-10-11,131.4375695356971,132.23224687271463,131.39912654224023,132.19358275974432,1445956.9973979748
2019-10-14,132.176517912949,132.72150018234157,129.7047330562443,130.24173795728382,736906.4151496651
2019-10-15,130.30634328913817,130.41168313416264,127.98654271335711,128.09009093662735,1250721.9751745735
2019-10-16,128.4584151662401,129.69376327631744,127.14406198190815,128.37864294518243,983812.235856485
2019-10-17,128.23203182906957,130.03008385363654,127.71714195570263,129.510062306527,686294.4000311313
2019-10-18,129.70393885953584,130.47064989426184,126.72427843993789,127.47783041469884,1315323.104754353
2019-10-21,127.5452634542336,130.13129537058757,126.84895088089604,129.4247221986253,540212.6166246788
2019-10-22,128.3548658401173,129.6621548686528,126.85586594125259,128.16118231101157,1259290.3410583418
2019-10-23,127.97476979168081,128.69846266226688,127.68110045356656,128.40380878947667,686969.294229181
2019-10-24,129.0632414479044,129.69498807271464,128.4187018077913,129.05038550454603,1143852.869129567
2019-10-25,128.8572987091508,131.35389239674626,127.5672257790059,130.05185994910025,1677593.9590992825
2019-10-28,129.98152439581253,130.21957430362275,126.93663077295521,127.16953075788693,1217080.210033199
2019-10-29,126.87783711443255,131.2402870614814,125.49003052380606,129.82029547153974,767049.5679937518
2019-10-30,129.58249878461876,132.20254100703087,128.16651914080256,130.77354649371676,961359.8939843907
2019-10-31,131.32912048037824,131.97696721856855,129.4633833601144,130.10519245963692,840880.8329703092
2019-11-01,129.97336080186446,131.47961462835346,126.9789909383315,128.46779687074218,612021.1605601817
2019-11-04,127.97157658412614,128.65836327781784,125.10981851971276,125.7848697861169,628011.9865112054
2019-11-05,124.30565883177452,124.99529510134816,122.98906954608667,123.67520813364249,987900.1369324906
2019-11-06,123.40749885109837,125.44931958728337,122.52329892270531,124.55688444893336,1199640.1916757587
2019-11-07,122.24203561161123,123.88886802220425,121.61367572606933,123.25529966250812,484252.38945188606
2019-11-08,121.13126414379884,121.92003413525411,118.19354755645581,118.96823254327482,942883.6719955017
2019-11-11,119.86212731276619,120.15396450193033,116.75292678399295,117.03788758775202,1183925.4583772433
2019-11-12,117.82161479269075,125.6105759369791,115.29884815316767,122.97741461466526,1012127.7209729165
2019-11-13,120.74956107746416,122.79113743476029,119.69916937630161,121.73219784738454,652907.3153641304
2019-11-14,122.71162160345406,124.05627457181005,118.23036060773029,119.54026236377537,1456149.871802449
2019-11-15,120.05913041102275,125.71949022768747,119.14057595945762,124.76493238895625,599989.7621080356
2019-11-18,124.39542713690376,126.09962219879417,123.82395984556295,125.52297500061623,1249396.7145359672
2019-11-19,125.87138899241778,126.44671580729178,125.04873754527503,125.62292870999012,1817537.2427097808
2019-11-20,124.85058244057781,125.19212684903938,124.35323435462165,124.69435137342775,433362.5884247573
2019-11-21,124.12670321171615,124.42622677624875,122.0131893947578,122.30832512757218,1070318.7017626786
2019-11-22,121.64278296057057,122.10816944604454,120.08533015455625,120.54652251702045,1093926.797329915
2019-11-25,120.04009582430126,120.30384625459646,119.58423302951172,119.8475604237005,1056702.7060096676
2019-11-26,120.24558993339544,121.01650797356855,118.77843192426747,119.54485743105377,714576.6361129686
2019-11-27,118.94227432480095,121.54302488916508,117.52438673057766,120.11120272801958,854646.6579339866
2019-11-28,119.58853907788517,121.88833294855888,118.68853736360369,120.97787534086126,557619.9094857484
2019-11-29,120.54270809290121,122.12831039660006,119.76659000047373,121.34701375636052,1017234.2188035885
2019-12-02,121.43666292196228,122.58994137801362,120.56213946675412,121.71342482803044,1192575.2635692619
2019-12-03,121.55715408241323,122.57963256725485,119.19570256705958,120.20682273439883,743085.9937736166
2019-12-04,120.59861725734912,120.88480423653209,116.73759555366318,117.01527907939153,670711.9691205691
2019-12-05,116.70066127944371,117.21056105543016,115.76952065669013,116.27757182947764,801207.1841346096
2019-12-06,115.71088394282484,115.94576469219918,114.68224098174281,114.91550720118924,961474.0549527415
2019-12-09,114.69653775862318,114.78999350284155,113.90875873173478,114.00164827391069,987774.9834194998
2019-12-10,114.01666696896083,114.34342996255401,113.30937499055888,113.63504428290089,925660.2391332608
2019-12-11,113.23384478679205,113.59426262926324,111.53897016131795,111.8951269297027,990409.6198054468
2019-12-12,112.0110043612012,112.20009908340178,110.18044584069382,110.36676479075864,576006.4022029301
2019-12-13,111.12236388307399,111.98670950851836,109.39602252596815,110.25361070871958,329822.72034214647
2019-12-16,110.00848564900335,110.80379459659642,109.64694507662054,110.44083312334023,1227789.6959319997
2019-12-17,110.45598169041213,110.47120937095464,109.54280137423974,109.55790524418354,1684007.88220216
2019-12-18,110.11415383555394,110.34775515400004,110.040609588191,110.27410407731738,552251.4795902346
2019-12-19,109.99993340302939,110.23462350208902,109.76113672278588,109.99581804152567,741587.7310740799
2019-12-20,109.63908440232804,110.13976000570545,108.12129590767393,108.61730547627818,1083487.9007046146
2019-12-23,108.16342975717953,109.10413333065206,107.76022789246998,108.69893525690462,1400019.3925911281
2019-12-24,108.85722669789948,111.40871144069034,108.78434982694243,111.33417632118572,1241867.6893555336
2019-12-25,111.5449190325585,112.6751606196042,109.29895149656555,110.41777213943591,1589830.276936358
2019-12-26,110.3496694793818,113.64597082171186,108.8065625603438,112.07868569803831,942392.4747460796
2019-12-27,112.08994734376428,115.46269209080133,110.71976437020231,114.06832550280275,1132326.2725282363
2019-12-30,114.61030793166586,117.39511217962418,113.5007585246258,116.26950003228933,1131063.2832289147
2019-12-31,116.64288447314637,117.98487256864377,113.77387579937282,115.09809088961175,812318.0929451293
2020-01-01,114.48024762222477,118.43736898853327,114.13971980726241,118.0861153210851,1541972.8223343513
2020-01-02,118.07295028813772,119.38823846124454,116.9742092919915,118.28750094009845,1228770.7907445605
2020-01-03,118.32513211334741,118.66634342890933,117.5978700845794,117.93796493553465,1412239.6977820103
2020-01-06,118.24908704994006,119.46312279192726,116.41657435902042,117.62419447497759,825585.1540703403
2020-01-07,117.51462407456852,119.92679523556045,116.14713647248384,118.54729075562294,1441041.9746906764
2020-01-08,118.24735467376662,119.35850508282304,117.54318308881422,118.65192425662232,636311.8809249452
2020-01-09,118.43530847153667,120.20544345465122,116.64612546250389,118.4159714341163,1122310.8395377179
2020-01-10,117.60862259276547,120.84739799921978,117.14726188296672,120.37518448856501,345192.603815726
2020-01-13,120.35145569040371,120.90374439365118,118.76491284679018,119.31243351289369,647407.3986423493
2020-01-14,119.03102328240838,119.42400959674752,117.39381863942893,117.78268350344992,1283423.5839760597
2020-01-15,117.97781952918567,119.32417486434194,117.65028325916846,118.9938179257746,805849.6933027977
2020-01-16,118.5192140043209,121.06522388065365,117.54870101939402,120.08191448025786,1029051.9761246865
2020-01-17,119.87049747060959,122.75347922315042,118.90973391984859,121.7774315714931,509178.47854345577
2020-01-20,121.31290360728406,123.08288070354816,118.41874531533912,120.17207755417436,1762735.9116551455
2020-01-21,119.67357496502179,122.26108153726732,119.26938713485079,121.8495445456497,1214071.219166594
2020-01-22,122.1568743946673,122.63512724120365,122.14276858787923,122.62096784420575,951438.2417893632
2020-01-23,122.39006502984199,125.92323944140094,121.88354676572887,125.40424681407299,1131083.9243101226
2020-01-24,125.59865360765004,125.71351853650435,123.36391982524177,123.47684427566772,1092788.1213261825
2020-01-27,122.93826294691277,124.02598853204641,122.75989524476812,123.84630337932533,1672917.1652792112
2020-01-28,123.87509704283535,124.18812880459296,123.13141369444571,123.44335444477875,1045176.334229726
2020-01-29,122.63836301883848,123.56677625794268,120.10810068396727,121.02429488995013,540074.2581491307
2020-01-30,120.78856517128409,121.85578872751591,118.90774386629101,119.96771482519088,869428.5350599105
2020-01-31,119.7226341783946,122.27434383566087,119.16982264098637,121.71234493722326,1588395.3306587962
2020-02-03,121.96257674177863,122.1964088372251,120.79212505744223,121.02415797454556,1200871.2100049558
2020-02-04,121.08845903758201,122.68171245333897,118.37757516571511,119.95592699163436,815021.0093730184
2020-02-05,119.85843816951179,122.11890919897318,119.05345209317885,121.30421309552224,1220133.9034558584
2020-02-06,121.66954026792496,124.27567052117,120.26178066211737,122.8542039377802,1005737.6016874342
2020-02-07,122.92384812835131,124.81212036953227,122.53715622177815,124.42071962815635,1219779.6986356925
2020-02-10,124.65393274105654,124.71074429144105,123.16214740083863,123.21830465772918,516443.93961486156
2020-02-11,123.55550167027043,124.57486791065622,122.14152076447331,123.15760424368445,676216.216393
2020-02-12,123.10691458633043,124.8112079762452,123.09285385729642,124.79695421833543,1247124.088140943
2020-02-13,124.63832531364682,126.30929294310279,122.13948142858828,123.79919928859033,880673.3775136238
2020-02-14,123.93189739046441,124.15322112487148,122.44609056999643,122.66515208775999,1102640.611669801
2020-02-17,122.45178262405545,125.2664039119028,121.18258110678747,123.98134858348668,2067807.8946340198
2020-02-18,124.14225966849571,126.75229988034958,123.8711092678001,126.47605203148397,850598.1636549003
2020-02-19,126.98408205056529,127.9014099815915,123.78251530465211,124.68322191405656,1056133.4177625908
2020-02-20,125.06452548107559,125.3506184611631,120.42147995483036,120.69758327954997,772734.9232693263
2020-02-21,120.50334056579662,121.5332621244964,117.5272671293188,118.54041187027882,752523.0884784713
2020-02-24,117.94521254426508,118.28632120799811,116.72725269937584,117.0658180714649,933219.2976138949
2020-02-25,117.02115275743115,117.29851440914759,116.61371121487932,116.89076382083807,544398.1794250547
2020-02-26,116.81526366250188,118.73962960747667,115.91276304864286,117.82929471223893,421952.8670202524
2020-02-27,118.30082273383199,119.78883766591953,116.160315883822,117.6400190756543,1638922.1297813684
2020-02-28,117.44969662846816,117.9814678966597,116.10628137803164,116.63436109124194,922780.8935491124
2020-03-02,116.52206460346582,117.13583645888862,116.2747801665972,116.88777590537929,1491126.7596436162
2020-03-03,117.19172957791716,117.28247124651675,115.41788717020704,115.50732460241875,1007975.3893773877
2020-03-04,115.27898950951308,115.7035940659635,115.04233295053044,115.46655245847997,1018581.1615918905
2020-03-05,115.37684786046182,116.26395199906959,113.68341536168226,114.5642718033162,1248978.812113526
2020-03-06,115.28498308134061,118.61445340464007,115.20020484855262,118.5272908446398,1272447.8497281536
2020-03-09,119.17260673576364,120.07323440465994,118.88266954036204,119.78181505529346,600359.0757167644
2020-03-10,120.04515770851604,120.3554539068029,118.25006853125444,118.55651684755597,1541003.309946864
2020-03-11,118.65558775965091,119.53880435191333,116.23294387942771,117.10461576294536,657560.5887453922
2020-03-12,116.65570604692533,116.72087175888402,116.42257781257294,116.48764964558293,1040520.6994336043
2020-03-13,116.7123207201492,117.972798062309,112.89309006519522,114.12563151234818,2609743.260886095
2020-03-16,114.13029059902132,114.80556429701478,112.43781780854188,113.10703723223756,991699.843343289
2020-03-17,113.1810498528693,113.88944303750252,111.38507066595696,112.08661384335696,1843916.370441228
2020-03-18,111.84739749323356,113.54596206110232,111.67263548613111,113.36882282082445,839071.7129783519
2020-03-19,113.34346536640984,113.64493294442251,112.48799953757592,112.78798967787371,1221864.1175467775
2020-03-20,112.6894681346804,113.0842787045699,111.30546237150159,111.69679508477294,980615.5586807119
2020-03-23,111.80979699547466,112.53629950546568,109.13863564621383,109.85241977641293,1131648.649431576
2020-03-24,110.42453840909015,111.63467857741743,107.07528646050575,108.26172439605486,688213.0903331029
2020-03-25,108.58252302829302,111.59413536921122,105.06425834390399,108.06141745674809,671453.8935649862
2020-03-26,106.3233999728813,107.8378647688648,105.84739781247352,107.35723420747196,1095934.1494757193
2020-03-27,106.32683091198166,111.80452489897988,105.83377456243208,111.28846059369889,521963.57043704024
2020-03-30,109.5763258549951,113.2488624105797,105.47327525651242,109.13088242599389,691243.5452541499
2020-03-31,108.26542671968586,112.98626340664342,108.14420274674615,112.8598950425484,1235270.4456592842
2020-04-01,113.40411505359562,114.84842440376809,112.36408440595798,113.80471980462994,755912.8549811606
2020-04-02,114.18379070504703,114.27540193382433,113.7238844703745,113.81519997372874,679389.5801648487
2020-04-03,113.12097635570866,115.28993601198495,104.8151717015164,106.86416446027016,623603.1252843267
2020-04-06,107.0845352789612,107.98219554426548,101.77307302571676,102.63342082031326,1018250.6839111276
2020-04-07,101.8544931942596,105.6546158088845,101.30085040401917,105.0834217749743,833979.5010163188
2020-04-08,103.62826132252066,110.22755010580465,103.26211330031444,109.83945617154238,1019350.1880175886
2020-04-09,108.33326029851735,111.12370890797352,107.80290528167082,110.58234330717835,893319.9898936906
2020-04-10,110.2039852691514,112.51716071207409,109.37431686935837,111.67640721444012,1980971.6262486796
2020-04-13,112.25451817780323,113.70081726082186,109.69885410433972,111.13067345307942,810761.8882200365
2020-04-14,110.54837021808574,110.70616132769639,110.48055724200889,110.6382931907485,447595.7405979524
2020-04-15,111.88485134982803,112.56498932726461,107.71895144041024,108.37777018596944,1006151.7287966843
2020-04-16,109.68504674925322,112.25552703073555,109.22157813049415,111.78319280192473,962358.8071771765
2020-04-17,111.5397562986998,116.48351439818812,108.1252391523205,113.02357380386864,1021998.3147267548
2020-04-20,112.91896569400953,114.27679728542203,110.87031163433306,112.21973509527064,513794.9674258424
2020-04-21,111.51880548671913,112.94694045648566,109.66877428332059,111.09143626648405,1495745.8467601766
2020-04-22,111.01366382126454,113.4292082814584,110.67355968682256,113.0827651982001,949837.2600231303
2020-04-23,113.73162526853955,115.11490065794834,112.88740500148175,114.26670851307263,945588.0471646261
2020-04-24,114.22257414974506,117.16805747091777,108.46645510605619,111.33754143696864,518529.17220759933
2020-04-27,112.33157702958052,118.31436737204689,111.59993216461748,117.5487417522512,1156547.4484360376
2020-04-28,118.80801475698118,122.1931208759075,115.15520149993135,118.53245634321372,937322.8806090856
2020-04-29,118.85968981532568,120.56285138947189,116.9003825448664,118.59982040413396,1628613.218193068
2020-04-30,118.90879615088292,124.83107180714805,118.37988167151158,124.27827352421177,817698.4210032687
2020-05-01,124.14636960853058,128.4395747126289,124.09126538788152,128.38259018219756,593973.0931593911
2020-05-04,128.73985565280597,128.91864291598293,127.88001962353302,128.0578597660419,1010976.6463596115
2020-05-05,126.65021882868953,130.4839106392422,126.44136572632635,130.2690898216952,673537.5921952085
2020-05-06,130.7039926610384,135.17210412947716,121.6753265921852,125.98201750317195,1130563.6835801646
2020-05-07,126.16460891962356,127.0952855926541,122.58302933948097,123.4940058126227,630571.1167874652
2020-05-08,122.42969895546385,124.72148800655638,112.88169444366574,115.03506161644815,914432.0359742034
2020-05-11,117.31334862355541,120.66188549185921,116.24337672457254,119.57131947136989,880312.8866690818
2020-05-12,118.41697002404221,119.58124925089255,111.550352396897,112.6580093483966,948874.7455645261
2020-05-13,111.67973541050105,115.39055934798974,111.42598698017251,115.12897387504117,787063.5284132588
2020-05-14,115.37467504401711,116.41080303120458,111.17506561769198,112.18252635537864,701230.7442969275
2020-05-15,110.07788628868664,111.50326472150947,107.39324159795005,108.80210010867782,939593.7993300593
2020-05-18,107.93635192594616,111.02712248870561,105.07673396210139,108.16153853056608,767362.4137400698
2020-05-19,106.552945597043,109.23161383474468,106.42336258000321,109.09893454544854,1020453.9812669111
2020-05-20,108.05047012869473,111.7815915851952,107.53339000973818,111.24920379029535,865016.7558608641
2020-05-21,111.05462588089496,118.06725200046533,110.67167468284399,117.66151816463244,401347.3619265033
2020-05-22,117.95720121538757,119.37032383677357,117.61637525304364,119.02640850303897,938716.7230997066
2020-05-25,120.20586826052795,125.15479651349924,117.50588150018528,122.40540517227755,1650186.1074964472
2020-05-26,123.27452967741532,124.26836291461613,119.17957245227187,120.1482013834651,1081885.7593464225
2020-05-27,121.43004005752103,125.14818982827362,119.21778835527381,122.90899406410351,1213557.6897170872
2020-05-28,123.5290998225912,129.53367094204972,117.52880954555177,123.53318236023077,1147788.8421137754
2020-05-29,122.92506736062919,123.62235840849203,121.08228173911482,121.77303791302612,801399.788599388
2020-06-01,122.992277278359,125.11013093511596,119.34334805323034,121.43437557180114,572919.6671745862
2020-06-02,120.81355912015,125.05922071966042,116.99350077012627,121.22611750036307,1316656.3079054467
2020-06-03,120.46214069621216,122.10992422017856,120.34085500858255,121.98710314459973,1447862.1065919322
2020-06-04,123.68456847109212,126.96125834305354,120.29493293504534,123.56854918825444,1198006.089721015
2020-06-05,124.42397069944069,125.64615771090891,120.43790249854804,121.63267124065491,1133674.4049841275
2020-06-08,121.82203122960557,122.90449050590328,117.79976132848654,118.85586449609582,1120720.5640825988
2020-06-09,119.63825611931716,125.08399704447942,116.32803638748243,121.71628132220668,951313.4169608289
2020-06-10,122.662764229047,123.79029293690425,114.3495430119381,115.41040731127816,1069421.760274857
2020-06-11,113.86701977568498,115.82391890269638,111.26622257001141,113.21186227222087,966153.1148827253
2020-06-12,113.05307723254306,121.23116293258316,110.8502773099123,118.91416181368322,1091175.3826978742
2020-06-15,117.52950542534347,118.93076033937616,107.91858092846591,109.22077433253101,667009.1106323864
2020-06-16,109.29007349492298,111.03254854080814,105.18368980689658,106.88786504991228,753752.375098184
2020-06-17,106.15555483959255,113.64692405550979,101.88766339653644,109.25444445960375,1198421.5781784998
2020-06-18,110.59845541837639,112.57239973041314,101.8935190600769,103.74514656415971,843655.5941356673
2020-06-19,103.9266463794006,107.25077012024123,103.89954383612073,107.22280798641629,377494.88811548235
2020-06-22,106.87185493962896,107.82000852710378,102.88633132673858,103.80729653947456,1009403.8915805699
2020-06-23,103.77839211075435,106.63017230466549,102.89322697783636,105.72837503036318,397642.0580928505
2020-06-24,105.22271498859534,108.17715044154751,104.90255097646842,107.84899537477521,2012918.5464068705
2020-06-25,107.84295686885636,109.76353784989408,107.21420888126718,109.12730185060629,1270156.6992668442
2020-06-26,109.32987317378496,109.41798545974741,108.76126290882554,108.84898763443573,1247166.365270785
2020-06-29,108.93431688271488,109.38681409492781,108.91353581744916,109.3659506882059,744756.2406342113
2020-06-30,108.54606700079252,108.69146945398434,108.0174696260668,108.16235808350154,622905.3710219081
2020-07-01,108.00261858549668,110.57052697469412,106.74407472894458,109.29690097319941,886858.2199720655
2020-07-02,109.48378366224308,110.19613518902483,107.08998353716895,107.79132314241318,969983.7868585101
2020-07-03,107.89303580612552,108.54037627401776,106.80095474700447,107.44561073808381,715376.615901417
2020-07-06,107.89316061420995,109.07068129837533,107.65318843719895,108.82862848659025,1023337.2013457103
2020-07-07,108.27719070419595,108.29569752231889,107.31867638585653,107.33702250973107,1254593.426072975
2020-07-08,107.52643891625085,107.75647716153318,106.64235018275724,106.87098617572082,1213127.6749499238
2020-07-09,106.58544535563458,108.20456516281503,105.50417211349013,107.11789044557479,645651.3149524155
2020-07-10,107.17390562552285,107.49290901241892,105.03380155980432,105.34736825383695,418948.55306196434
2020-07-13,105.48618921523224,106.98583806775424,105.43074139945966,106.92963152021213,964602.3663968939
2020-07-14,107.5658237641621,108.90571272743999,106.77338072106387,108.10926611614431,747786.5755611834
2020-07-15,107.46218702657995,109.93618185239863,100.72084593231217,103.09428285379119,1144156.3420430466
2020-07-16,103.21883073255978,104.11986366980602,102.06756264525265,102.96639195696041,1811216.1605815145
2020-07-17,101.77491827626449,101.9572184966987,100.3262283969739,100.50625617755587,1810576.1103098032
2020-07-20,99.11307121031001,99.44008224982332,98.14462083895299,98.46950852480356,1076278.4664143159
2020-07-21,98.93273358112134,99.11757996189628,98.54685486163471,98.73132492954582,1476110.4856738774
2020-07-22,98.62720896636735,99.85241598500015,95.37216757106904,96.57184156907371,1812868.436903484
2020-07-23,95.04300742036804,100.32575929089371,94.32578858812796,99.57434582062474,981858.2523670403
2020-07-24,98.7208481485404,99.21743745196441,96.92185794790618,97.41186274398008,1071032.112979634
2020-07-27,97.37637100243617,101.60391115758394,96.30178090453532,100.49490667842336,1338216.2941187466
2020-07-28,101.91626512630508,102.28720032341978,100.01504267238293,100.3803878792377,952047.3329926219
2020-07-29,101.31625058244377,103.17042963871614,101.29363895377311,103.14740933442337,797204.8115784262
2020-07-30,103.86867380278306,104.71117667896154,100.60505180773696,101.42775583278012,724283.1972413869
2020-07-31,99.66193490073785,102.49524861175372,97.02175723145251,99.85008655405547,968234.9492887137
2020-08-03,99.70365770529556,101.7427894135389,94.34373009551877,96.31352710776792,761379.6557416011
2020-08-04,96.69473469257227,100.02676624434523,94.801891442851,98.10629113755358,1311623.1864215005
2020-08-05,98.23071777198223,99.84858185920974,97.68400602006383,99.29594151031702,850641.2867066754
2020-08-06,99.43017824004714,102.04546886651879,99.39274304862744,102.00706348481971,1693156.6564891397
2020-08-07,101.89475256107012,104.45857428947602,101.15319776186819,103.70385347893236,1537153.5639439293
2020-08-10,104.36977286016183,104.42424173386469,104.00118471649927,104.05548957090495,601843.3869267271
2020-08-11,104.61298589098828,105.20363862495334,103.21790673688317,103.80399182993969,1462770.4590206486
2020-08-12,103.74434292480049,105.07569666146892,103.01127158833626,104.33842744470874,829407.0189769197
2020-08-13,103.92919135989897,104.48011882344186,103.77646507058071,104.32680822717468,1634891.8754473163
2020-08-14,105.11331984471497,106.40570602074861,105.00240060560658,106.29354137074615,1178020.0478074457
2020-08-17,106.04816297740688,107.67920593589297,105.9610303628875,107.59080583590513,951640.6021874377
2020-08-18,108.0535601890097,108.76888452162648,105.78291177692698,106.48787110633432,1252468.104276853
2020-08-19,107.23256210330051,107.81868236473412,105.01728809188846,105.59445465542684,783076.1623499683
2020-08-20,105.19474130396385,107.64465537659719,105.0088570817568,107.45477756044725,1098979.9686827098
2020-08-21,107.54900617598673,108.9180737552209,106.53258888828358,107.89835486520838,1123005.614569802
2020-08-24,107.7328025772402,107.97245255112021,107.37000573013114,107.60938115494234,916692.26819966
2020-08-25,107.79495572217374,109.36387983321698,107.68836779062347,109.25584736822145,1124397.117128346
2020-08-26,109.36397060926089,110.63612429251747,107.4845102993094,108.74951647238449,662479.9466350925
2020-08-27,109.52495662926228,109.8260669997528,108.09467386063781,108.39267130724957,1200565.6952617539
2020-08-28,108.61042707555616,108.63762675605686,107.76337961376494,107.7903739255522,611452.0632686717
2020-08-31,107.76298830912191,108.6105644941044,104.35676085393138,105.18405322913173,1231398.2245573108
2020-09-01,105.6082875685089,106.40016495333457,105.56934115092176,106.36094097084812,1162812.3058337094
2020-09-02,106.02889117548136,106.07079137939932,102.37050893460628,102.41097942216541,1273017.3946018394
2020-09-03,102.00092553694644,102.33894139949291,100.28343553378596,100.61686482544839,785742.8720300217
2020-09-04,102.6890099496981,105.02479213564565,96.07406063776803,98.31024261586684,3092161.897096617
2020-09-07,97.4933458592581,102.21353852960401,95.94073993421677,100.61127874329681,892118.2446377034
2020-09-08,100.09087868255777,101.17669538401219,99.33473879629898,100.4180836171457,1030925.636879255
2020-09-09,100.40421710635371,100.8523664352181,100.04294170715983,100.49077956616641,730225.8571324574
2020-09-10,99.43172989706433,101.13529065812432,93.70247705224338,95.33586345998604,1679135.6021000175
2020-09-11,93.38336456362927,95.49782348944046,92.98908166466934,95.09630820612307,814239.6114566051
2020-09-14,95.99204976002568,98.1911241286086,88.71710511192369,90.79717039498227,1422514.6521085193
2020-09-15,90.07368538789817,92.5486626140545,89.24185879494746,91.70180044885805,680358.4106464551
2020-09-16,91.18208397509513,94.26026687925994,89.73654641110146,92.78925041244354,1097424.4553605919
2020-09-17,92.41134357584166,93.45475568042015,91.71970301925407,92.76050189428345,847101.3584258996
2020-09-18,91.84881376970029,101.35142122167913,89.6194796953204,98.94973515542291,1390641.1664726285
2020-09-21,97.89067776068909,104.06430820861642,94.55204040159252,100.63217012961525,873919.3191227486
2020-09-22,100.72917819302937,103.19106071668669,100.1123003514172,102.56295261559964,703265.9342663325
2020-09-23,104.82957526888404,105.87653548789382,102.01907404509213,103.0482436420819,1159929.05293891
2020-09-24,103.70800843482075,104.06870956886065,102.09256914505559,102.44889101187012,620854.594178013
2020-09-25,103.11495178972558,106.46240775698159,102.31101929317114,105.6387981710522,679370.1135832451
2020-09-28,104.07743970771017,110.06394590504115,103.44007017983739,109.39401769002156,1308939.8146765935
2020-09-29,109.30826094573334,109.5910421168299,104.7546807890478,105.0263847189237,480386.0613889699
2020-09-30,103.79370142109252,109.52620591324343,102.90760615191263,108.59908667935628,1305374.328882923
